<?xml version="1.0" encoding="UTF-8"?>
<spirit:component xmlns:xilinx="http://www.xilinx.com" xmlns:spirit="http://www.spiritconsortium.org/XMLSchema/SPIRIT/1685-2009" xmlns:xsi="http://www.w3.org/2001/XMLSchema-instance">
  <spirit:vendor>xilinx.com</spirit:vendor>
  <spirit:library>user</spirit:library>
  <spirit:name>b_handler</spirit:name>
  <spirit:version>1.0</spirit:version>
  <spirit:busInterfaces>
    <spirit:busInterface>
      <spirit:name>clk</spirit:name>
      <spirit:busType spirit:vendor="xilinx.com" spirit:library="signal" spirit:name="clock" spirit:version="1.0"/>
      <spirit:abstractionType spirit:vendor="xilinx.com" spirit:library="signal" spirit:name="clock_rtl" spirit:version="1.0"/>
      <spirit:slave/>
      <spirit:portMaps>
        <spirit:portMap>
          <spirit:logicalPort>
            <spirit:name>CLK</spirit:name>
          </spirit:logicalPort>
          <spirit:physicalPort>
            <spirit:name>clk</spirit:name>
          </spirit:physicalPort>
        </spirit:portMap>
      </spirit:portMaps>
    </spirit:busInterface>
  </spirit:busInterfaces>
  <spirit:model>
    <spirit:views>
      <spirit:view>
        <spirit:name>xilinx_anylanguagesynthesis</spirit:name>
        <spirit:displayName>Synthesis</spirit:displayName>
        <spirit:envIdentifier>:vivado.xilinx.com:synthesis</spirit:envIdentifier>
        <spirit:language>VHDL</spirit:language>
        <spirit:modelName>b_handler</spirit:modelName>
        <spirit:fileSetRef>
          <spirit:localName>xilinx_anylanguagesynthesis_view_fileset</spirit:localName>
        </spirit:fileSetRef>
        <spirit:parameters>
          <spirit:parameter>
            <spirit:name>viewChecksum</spirit:name>
            <spirit:value>b4f3707c</spirit:value>
          </spirit:parameter>
        </spirit:parameters>
      </spirit:view>
      <spirit:view>
        <spirit:name>xilinx_anylanguagebehavioralsimulation</spirit:name>
        <spirit:displayName>Simulation</spirit:displayName>
        <spirit:envIdentifier>:vivado.xilinx.com:simulation</spirit:envIdentifier>
        <spirit:language>VHDL</spirit:language>
        <spirit:modelName>b_handler</spirit:modelName>
        <spirit:fileSetRef>
          <spirit:localName>xilinx_anylanguagebehavioralsimulation_view_fileset</spirit:localName>
        </spirit:fileSetRef>
        <spirit:parameters>
          <spirit:parameter>
            <spirit:name>viewChecksum</spirit:name>
            <spirit:value>b4f3707c</spirit:value>
          </spirit:parameter>
        </spirit:parameters>
      </spirit:view>
      <spirit:view>
        <spirit:name>xilinx_testbench</spirit:name>
        <spirit:displayName>Test Bench</spirit:displayName>
        <spirit:envIdentifier>:vivado.xilinx.com:simulation.testbench</spirit:envIdentifier>
        <spirit:modelName>testbench</spirit:modelName>
        <spirit:fileSetRef>
          <spirit:localName>xilinx_testbench_view_fileset</spirit:localName>
        </spirit:fileSetRef>
        <spirit:parameters>
          <spirit:parameter>
            <spirit:name>viewChecksum</spirit:name>
            <spirit:value>dc6e4ac7</spirit:value>
          </spirit:parameter>
        </spirit:parameters>
      </spirit:view>
      <spirit:view>
        <spirit:name>xilinx_xpgui</spirit:name>
        <spirit:displayName>UI Layout</spirit:displayName>
        <spirit:envIdentifier>:vivado.xilinx.com:xgui.ui</spirit:envIdentifier>
        <spirit:fileSetRef>
          <spirit:localName>xilinx_xpgui_view_fileset</spirit:localName>
        </spirit:fileSetRef>
        <spirit:parameters>
          <spirit:parameter>
            <spirit:name>viewChecksum</spirit:name>
            <spirit:value>019795a9</spirit:value>
          </spirit:parameter>
        </spirit:parameters>
      </spirit:view>
    </spirit:views>
    <spirit:ports>
      <spirit:port>
        <spirit:name>btn</spirit:name>
        <spirit:wire>
          <spirit:direction>in</spirit:direction>
          <spirit:wireTypeDefs>
            <spirit:wireTypeDef>
              <spirit:typeName>std_logic</spirit:typeName>
              <spirit:viewNameRef>xilinx_anylanguagesynthesis</spirit:viewNameRef>
              <spirit:viewNameRef>xilinx_anylanguagebehavioralsimulation</spirit:viewNameRef>
            </spirit:wireTypeDef>
          </spirit:wireTypeDefs>
        </spirit:wire>
      </spirit:port>
      <spirit:port>
        <spirit:name>clk</spirit:name>
        <spirit:wire>
          <spirit:direction>in</spirit:direction>
          <spirit:wireTypeDefs>
            <spirit:wireTypeDef>
              <spirit:typeName>std_logic</spirit:typeName>
              <spirit:viewNameRef>xilinx_anylanguagesynthesis</spirit:viewNameRef>
              <spirit:viewNameRef>xilinx_anylanguagebehavioralsimulation</spirit:viewNameRef>
            </spirit:wireTypeDef>
          </spirit:wireTypeDefs>
        </spirit:wire>
      </spirit:port>
      <spirit:port>
        <spirit:name>press</spirit:name>
        <spirit:wire>
          <spirit:direction>out</spirit:direction>
          <spirit:wireTypeDefs>
            <spirit:wireTypeDef>
              <spirit:typeName>std_logic</spirit:typeName>
              <spirit:viewNameRef>xilinx_anylanguagesynthesis</spirit:viewNameRef>
              <spirit:viewNameRef>xilinx_anylanguagebehavioralsimulation</spirit:viewNameRef>
            </spirit:wireTypeDef>
          </spirit:wireTypeDefs>
        </spirit:wire>
      </spirit:port>
    </spirit:ports>
    <spirit:modelParameters>
      <spirit:modelParameter xsi:type="spirit:nameValueTypeType" spirit:dataType="integer">
        <spirit:name>delay_count</spirit:name>
        <spirit:displayName>Delay Count</spirit:displayName>
        <spirit:value spirit:format="long" spirit:resolve="generated" spirit:id="MODELPARAM_VALUE.delay_count">1000000</spirit:value>
      </spirit:modelParameter>
    </spirit:modelParameters>
  </spirit:model>
  <spirit:fileSets>
    <spirit:fileSet>
      <spirit:name>xilinx_anylanguagesynthesis_view_fileset</spirit:name>
      <spirit:file>
        <spirit:name>src/button_handler.vhd</spirit:name>
        <spirit:fileType>vhdlSource</spirit:fileType>
        <spirit:userFileType>CHECKSUM_b4f3707c</spirit:userFileType>
        <spirit:userFileType>IMPORTED_FILE</spirit:userFileType>
      </spirit:file>
    </spirit:fileSet>
    <spirit:fileSet>
      <spirit:name>xilinx_anylanguagebehavioralsimulation_view_fileset</spirit:name>
      <spirit:file>
        <spirit:name>src/button_handler.vhd</spirit:name>
        <spirit:fileType>vhdlSource</spirit:fileType>
        <spirit:userFileType>IMPORTED_FILE</spirit:userFileType>
      </spirit:file>
    </spirit:fileSet>
    <spirit:fileSet>
      <spirit:name>xilinx_testbench_view_fileset</spirit:name>
      <spirit:file>
        <spirit:name>src/menu2.vhd</spirit:name>
        <spirit:fileType>vhdlSource</spirit:fileType>
        <spirit:userFileType>IMPORTED_FILE</spirit:userFileType>
        <spirit:userFileType>USED_IN_simulation</spirit:userFileType>
        <spirit:userFileType>USED_IN_testbench</spirit:userFileType>
      </spirit:file>
      <spirit:file>
        <spirit:name>src/testbench.vhd</spirit:name>
        <spirit:fileType>vhdlSource</spirit:fileType>
        <spirit:userFileType>IMPORTED_FILE</spirit:userFileType>
        <spirit:userFileType>USED_IN_simulation</spirit:userFileType>
        <spirit:userFileType>USED_IN_testbench</spirit:userFileType>
      </spirit:file>
    </spirit:fileSet>
    <spirit:fileSet>
      <spirit:name>xilinx_xpgui_view_fileset</spirit:name>
      <spirit:file>
        <spirit:name>xgui/b_handler_v1_0.tcl</spirit:name>
        <spirit:fileType>tclSource</spirit:fileType>
        <spirit:userFileType>CHECKSUM_019795a9</spirit:userFileType>
        <spirit:userFileType>XGUI_VERSION_2</spirit:userFileType>
      </spirit:file>
    </spirit:fileSet>
  </spirit:fileSets>
  <spirit:description>b_handler_v1_0</spirit:description>
  <spirit:parameters>
    <spirit:parameter>
      <spirit:name>delay_count</spirit:name>
      <spirit:displayName>Delay Count</spirit:displayName>
      <spirit:value spirit:format="long" spirit:resolve="user" spirit:id="PARAM_VALUE.delay_count" spirit:minimum="0" spirit:maximum="33554431" spirit:rangeType="long">1000000</spirit:value>
    </spirit:parameter>
    <spirit:parameter>
      <spirit:name>Component_Name</spirit:name>
      <spirit:value spirit:resolve="user" spirit:id="PARAM_VALUE.Component_Name" spirit:order="1">b_handler_v1_0</spirit:value>
    </spirit:parameter>
  </spirit:parameters>
  <spirit:vendorExtensions>
    <xilinx:coreExtensions>
      <xilinx:supportedFamilies>
        <xilinx:family xilinx:lifeCycle="Production">virtex7</xilinx:family>
        <xilinx:family xilinx:lifeCycle="Production">qvirtex7</xilinx:family>
        <xilinx:family xilinx:lifeCycle="Production">kintex7</xilinx:family>
        <xilinx:family xilinx:lifeCycle="Production">kintex7l</xilinx:family>
        <xilinx:family xilinx:lifeCycle="Production">qkintex7</xilinx:family>
        <xilinx:family xilinx:lifeCycle="Production">qkintex7l</xilinx:family>
        <xilinx:family xilinx:lifeCycle="Production">akintex7</xilinx:family>
        <xilinx:family xilinx:lifeCycle="Production">artix7</xilinx:family>
        <xilinx:family xilinx:lifeCycle="Production">artix7l</xilinx:family>
        <xilinx:family xilinx:lifeCycle="Production">aartix7</xilinx:family>
        <xilinx:family xilinx:lifeCycle="Production">qartix7</xilinx:family>
        <xilinx:family xilinx:lifeCycle="Production">zynq</xilinx:family>
        <xilinx:family xilinx:lifeCycle="Production">qzynq</xilinx:family>
        <xilinx:family xilinx:lifeCycle="Production">azynq</xilinx:family>
        <xilinx:family xilinx:lifeCycle="Production">spartan7</xilinx:family>
        <xilinx:family xilinx:lifeCycle="Production">aspartan7</xilinx:family>
        <xilinx:family xilinx:lifeCycle="Production">virtexu</xilinx:family>
        <xilinx:family xilinx:lifeCycle="Production">zynquplus</xilinx:family>
        <xilinx:family xilinx:lifeCycle="Production">virtexuplus</xilinx:family>
        <xilinx:family xilinx:lifeCycle="Production">virtexuplusHBM</xilinx:family>
        <xilinx:family xilinx:lifeCycle="Production">virtexuplus58g</xilinx:family>
        <xilinx:family xilinx:lifeCycle="Production">kintexuplus</xilinx:family>
        <xilinx:family xilinx:lifeCycle="Production">kintexu</xilinx:family>
      </xilinx:supportedFamilies>
      <xilinx:taxonomies>
        <xilinx:taxonomy>/UserIP</xilinx:taxonomy>
      </xilinx:taxonomies>
      <xilinx:displayName>b_handler_v1_0</xilinx:displayName>
      <xilinx:definitionSource>package_project</xilinx:definitionSource>
      <xilinx:coreRevision>7</xilinx:coreRevision>
      <xilinx:coreCreationDateTime>2025-04-30T15:01:28Z</xilinx:coreCreationDateTime>
      <xilinx:tags>
        <xilinx:tag xilinx:name="ui.data.coregen.dd@3fcd32dd_ARCHIVE_LOCATION">d:/U/2025/Primer semestre/SEP/proyecto 1/IEE2463-SEP-Proyecto-Z8/IPCORES/debouncer</xilinx:tag>
        <xilinx:tag xilinx:name="ui.data.coregen.dd@77140ae5_ARCHIVE_LOCATION">d:/U/2025/Primer semestre/SEP/proyecto 1/IEE2463-SEP-Proyecto-Z8/IPCORES/debouncer</xilinx:tag>
        <xilinx:tag xilinx:name="ui.data.coregen.dd@222a6d21_ARCHIVE_LOCATION">d:/U/2025/Primer semestre/SEP/proyecto 1/IEE2463-SEP-Proyecto-Z8/IPCORES/debouncer</xilinx:tag>
        <xilinx:tag xilinx:name="ui.data.coregen.dd@3fed7c5a_ARCHIVE_LOCATION">d:/U/2025/Primer semestre/SEP/proyecto 1/IEE2463-SEP-Proyecto-Z8/IPCORES/debouncer</xilinx:tag>
        <xilinx:tag xilinx:name="ui.data.coregen.dd@55676396_ARCHIVE_LOCATION">d:/U/2025/Primer semestre/SEP/proyecto 1/IEE2463-SEP-Proyecto-Z8/IPCORES/debouncer</xilinx:tag>
        <xilinx:tag xilinx:name="ui.data.coregen.dd@7c4e9cc0_ARCHIVE_LOCATION">d:/U/2025/Primer_semestre/SEP/proyecto_1/IEE2463-SEP-Proyecto-Z8/IPCORES/debouncer</xilinx:tag>
        <xilinx:tag xilinx:name="ui.data.coregen.dd@455aede7_ARCHIVE_LOCATION">d:/U/2025/Primer_semestre/SEP/proyecto_1/IEE2463-SEP-Proyecto-Z8/IPCORES/debouncer</xilinx:tag>
        <xilinx:tag xilinx:name="ui.data.coregen.dd@1684151_ARCHIVE_LOCATION">d:/U/2025/Primer_semestre/SEP/proyecto_1/IEE2463-SEP-Proyecto-Z8/IPCORES/debouncer</xilinx:tag>
        <xilinx:tag xilinx:name="ui.data.coregen.dd@4e966b8e_ARCHIVE_LOCATION">d:/U/2025/Primer_semestre/SEP/proyecto_1/IEE2463-SEP-Proyecto-Z8/IPCORES/debouncer</xilinx:tag>
        <xilinx:tag xilinx:name="ui.data.coregen.dd@43dedbcb_ARCHIVE_LOCATION">d:/U/2025/Primer_semestre/SEP/proyecto_1/IEE2463-SEP-Proyecto-Z8/IPCORES/debouncer</xilinx:tag>
        <xilinx:tag xilinx:name="ui.data.coregen.dd@593100e3_ARCHIVE_LOCATION">d:/U/2025/Primer_semestre/SEP/proyecto_1/IEE2463-SEP-Proyecto-Z8/IPCORES/debouncer</xilinx:tag>
        <xilinx:tag xilinx:name="ui.data.coregen.dd@76b062c1_ARCHIVE_LOCATION">d:/U/2025/Primer_semestre/SEP/proyecto_1/IEE2463-SEP-Proyecto-Z8/IPCORES/debouncer</xilinx:tag>
        <xilinx:tag xilinx:name="ui.data.coregen.dd@2c20e5ce_ARCHIVE_LOCATION">d:/U/2025/Primer_semestre/SEP/proyecto_1/IEE2463-SEP-Proyecto-Z8/IPCORES/debouncer</xilinx:tag>
        <xilinx:tag xilinx:name="ui.data.coregen.dd@3a897d36_ARCHIVE_LOCATION">d:/U/2025/Primer_semestre/SEP/proyecto_1/IEE2463-SEP-Proyecto-Z8/IPCORES/debouncer</xilinx:tag>
        <xilinx:tag xilinx:name="ui.data.coregen.dd@9b5dea6_ARCHIVE_LOCATION">d:/U/2025/Primer_semestre/SEP/proyecto_1/IEE2463-SEP-Proyecto-Z8/IPCORES/debouncer</xilinx:tag>
        <xilinx:tag xilinx:name="ui.data.coregen.dd@5f44afd1_ARCHIVE_LOCATION">d:/U/2025/Primer_semestre/SEP/proyecto_1/IEE2463-SEP-Proyecto-Z8/IPCORES/debouncer</xilinx:tag>
        <xilinx:tag xilinx:name="ui.data.coregen.dd@1e2d4a6e_ARCHIVE_LOCATION">d:/U/2025/Primer_semestre/SEP/proyecto_1/IEE2463-SEP-Proyecto-Z8/IPCORES/debouncer</xilinx:tag>
        <xilinx:tag xilinx:name="ui.data.coregen.dd@516deac4_ARCHIVE_LOCATION">d:/U/2025/Primer_semestre/SEP/proyecto_1/IEE2463-SEP-Proyecto-Z8/IPCORES/debouncer</xilinx:tag>
        <xilinx:tag xilinx:name="ui.data.coregen.dd@542541e0_ARCHIVE_LOCATION">d:/U/2025/Primer_semestre/SEP/proyecto_1/IEE2463-SEP-Proyecto-Z8/IPCORES/debouncer</xilinx:tag>
        <xilinx:tag xilinx:name="ui.data.coregen.dd@db9ab49_ARCHIVE_LOCATION">d:/U/2025/Primer_semestre/SEP/proyecto_1/IEE2463-SEP-Proyecto-Z8/IPCORES/debouncer</xilinx:tag>
        <xilinx:tag xilinx:name="ui.data.coregen.dd@2e3b2692_ARCHIVE_LOCATION">d:/U/2025/Primer_semestre/SEP/proyecto_1/IEE2463-SEP-Proyecto-Z8/IPCORES/debouncer</xilinx:tag>
        <xilinx:tag xilinx:name="ui.data.coregen.dd@4cd80f97_ARCHIVE_LOCATION">d:/U/2025/Primer_semestre/SEP/proyecto_1/IEE2463-SEP-Proyecto-Z8/IPCORES/debouncer</xilinx:tag>
        <xilinx:tag xilinx:name="ui.data.coregen.dd@227fcc53_ARCHIVE_LOCATION">d:/U/2025/Primer_semestre/SEP/proyecto_1/IEE2463-SEP-Proyecto-Z8/IPCORES/debouncer</xilinx:tag>
        <xilinx:tag xilinx:name="ui.data.coregen.dd@3e936c47_ARCHIVE_LOCATION">d:/U/2025/Primer_semestre/SEP/proyecto_1/IEE2463-SEP-Proyecto-Z8/IPCORES/debouncer</xilinx:tag>
        <xilinx:tag xilinx:name="ui.data.coregen.dd@121446ee_ARCHIVE_LOCATION">d:/U/2025/Primer_semestre/SEP/proyecto_1/IEE2463-SEP-Proyecto-Z8/IPCORES/debouncer</xilinx:tag>
        <xilinx:tag xilinx:name="ui.data.coregen.dd@99ddbb7_ARCHIVE_LOCATION">d:/U/2025/Primer_semestre/SEP/proyecto_1/IEE2463-SEP-Proyecto-Z8/IPCORES/debouncer</xilinx:tag>
        <xilinx:tag xilinx:name="ui.data.coregen.dd@4699cb8_ARCHIVE_LOCATION">d:/U/2025/Primer_semestre/SEP/proyecto_1/IEE2463-SEP-Proyecto-Z8/IPCORES/debouncer</xilinx:tag>
        <xilinx:tag xilinx:name="ui.data.coregen.dd@65e2119c_ARCHIVE_LOCATION">d:/U/2025/Primer_semestre/SEP/proyecto_1/IEE2463-SEP-Proyecto-Z8/IPCORES/debouncer</xilinx:tag>
        <xilinx:tag xilinx:name="ui.data.coregen.dd@1d0ffa7a_ARCHIVE_LOCATION">d:/U/2025/Primer_semestre/SEP/proyecto_1/IEE2463-SEP-Proyecto-Z8/IPCORES/debouncer</xilinx:tag>
        <xilinx:tag xilinx:name="ui.data.coregen.dd@9367e5e_ARCHIVE_LOCATION">d:/U/2025/Primer_semestre/SEP/proyecto_1/IEE2463-SEP-Proyecto-Z8/IPCORES/debouncer</xilinx:tag>
        <xilinx:tag xilinx:name="ui.data.coregen.dd@4179fe1f_ARCHIVE_LOCATION">d:/U/2025/Primer_semestre/SEP/proyecto_1/IEE2463-SEP-Proyecto-Z8/IPCORES/debouncer</xilinx:tag>
        <xilinx:tag xilinx:name="ui.data.coregen.dd@5d642980_ARCHIVE_LOCATION">d:/U/2025/Primer_semestre/SEP/proyecto_1/IEE2463-SEP-Proyecto-Z8/IPCORES/debouncer</xilinx:tag>
        <xilinx:tag xilinx:name="ui.data.coregen.dd@368d4c25_ARCHIVE_LOCATION">d:/U/2025/Primer_semestre/SEP/proyecto_1/IEE2463-SEP-Proyecto-Z8/IPCORES/debouncer</xilinx:tag>
        <xilinx:tag xilinx:name="ui.data.coregen.dd@28da2b7a_ARCHIVE_LOCATION">d:/U/2025/Primer_semestre/SEP/proyecto_1/IEE2463-SEP-Proyecto-Z8/IPCORES/debouncer</xilinx:tag>
        <xilinx:tag xilinx:name="ui.data.coregen.dd@1c0e554b_ARCHIVE_LOCATION">d:/U/2025/Primer_semestre/SEP/proyecto_1/IEE2463-SEP-Proyecto-Z8/IPCORES/debouncer</xilinx:tag>
        <xilinx:tag xilinx:name="ui.data.coregen.dd@55118b96_ARCHIVE_LOCATION">d:/U/2025/Primer_semestre/SEP/proyecto_1/IEE2463-SEP-Proyecto-Z8/IPCORES/debouncer</xilinx:tag>
        <xilinx:tag xilinx:name="ui.data.coregen.dd@6a0be010_ARCHIVE_LOCATION">d:/U/2025/Primer_semestre/SEP/proyecto_1/IEE2463-SEP-Proyecto-Z8/IPCORES/debouncer</xilinx:tag>
        <xilinx:tag xilinx:name="ui.data.coregen.dd@6311f8ae_ARCHIVE_LOCATION">d:/U/2025/Primer_semestre/SEP/proyecto_1/IEE2463-SEP-Proyecto-Z8/IPCORES/debouncer</xilinx:tag>
        <xilinx:tag xilinx:name="ui.data.coregen.dd@62d41407_ARCHIVE_LOCATION">d:/U/2025/Primer_semestre/SEP/proyecto_1/IEE2463-SEP-Proyecto-Z8/IPCORES/debouncer</xilinx:tag>
        <xilinx:tag xilinx:name="ui.data.coregen.dd@3ebb5630_ARCHIVE_LOCATION">d:/U/2025/Primer_semestre/SEP/proyecto_1/IEE2463-SEP-Proyecto-Z8/IPCORES/debouncer</xilinx:tag>
        <xilinx:tag xilinx:name="ui.data.coregen.dd@2aa229bf_ARCHIVE_LOCATION">d:/U/2025/Primer_semestre/SEP/proyecto_1/IEE2463-SEP-Proyecto-Z8/IPCORES/debouncer</xilinx:tag>
        <xilinx:tag xilinx:name="ui.data.coregen.dd@2a884a76_ARCHIVE_LOCATION">d:/U/2025/Primer_semestre/SEP/proyecto_1/IEE2463-SEP-Proyecto-Z8/IPCORES/debouncer</xilinx:tag>
        <xilinx:tag xilinx:name="ui.data.coregen.dd@b5e689d_ARCHIVE_LOCATION">d:/U/2025/Primer_semestre/SEP/proyecto_1/IEE2463-SEP-Proyecto-Z8/IPCORES/debouncer</xilinx:tag>
        <xilinx:tag xilinx:name="ui.data.coregen.dd@48849b2d_ARCHIVE_LOCATION">d:/U/2025/Primer_semestre/SEP/proyecto_1/IEE2463-SEP-Proyecto-Z8/IPCORES/debouncer</xilinx:tag>
      </xilinx:tags>
    </xilinx:coreExtensions>
    <xilinx:packagingInfo>
      <xilinx:xilinxVersion>2020.1</xilinx:xilinxVersion>
      <xilinx:checksum xilinx:scope="busInterfaces" xilinx:value="a88d4390"/>
      <xilinx:checksum xilinx:scope="fileGroups" xilinx:value="eca84f1d"/>
      <xilinx:checksum xilinx:scope="ports" xilinx:value="18164ca5"/>
      <xilinx:checksum xilinx:scope="hdlParameters" xilinx:value="52971c01"/>
      <xilinx:checksum xilinx:scope="parameters" xilinx:value="589b3cfc"/>
    </xilinx:packagingInfo>
  </spirit:vendorExtensions>
</spirit:component>
