<?xml version="1.0" encoding="UTF-8"?>
<!-- Product Version: Vivado v2020.1 (64-bit)                     -->
<!--                                                              -->
<!-- Copyright 1986-2020 Xilinx, Inc. All Rights Reserved.        -->

<hwsession version="1" minor="2">
  <device name="xc7z010_1" gui_info=""/>
  <probeset name="hw project" active="false">
    <probe type="ila" busType="bus" source="netlist" spec="ILA_V2_RT">
      <probeOptions Id="DebugProbeParams">
        <Option Id="CAPTURE_COMPARE_VALUE" value="eq10&apos;hXXX"/>
        <Option Id="COMPARE_VALUE.0" value="eq10&apos;hXXX"/>
        <Option Id="DISPLAY_AS_ENUM" value="1"/>
        <Option Id="DISPLAY_HINT" value=""/>
        <Option Id="DISPLAY_RADIX" value="HEX"/>
        <Option Id="DISPLAY_VISIBILITY" value=""/>
        <Option Id="HW_ILA" value="design_1_i/ila_0"/>
        <Option Id="LINK_TO_WAVEFORM" value="1"/>
        <Option Id="MAP" value="probe7[9:0]"/>
        <Option Id="NAME.CUSTOM" value=""/>
        <Option Id="NAME.SELECT" value="Long"/>
        <Option Id="SOURCE" value="netlist"/>
        <Option Id="TRIGGER_COMPARE_VALUE" value="eq10&apos;hXXX"/>
        <Option Id="WAVEFORM_STYLE" value="Digital"/>
      </probeOptions>
      <nets>
        <net name="design_1_i/LFSR_0_sec[9]"/>
        <net name="design_1_i/LFSR_0_sec[8]"/>
        <net name="design_1_i/LFSR_0_sec[7]"/>
        <net name="design_1_i/LFSR_0_sec[6]"/>
        <net name="design_1_i/LFSR_0_sec[5]"/>
        <net name="design_1_i/LFSR_0_sec[4]"/>
        <net name="design_1_i/LFSR_0_sec[3]"/>
        <net name="design_1_i/LFSR_0_sec[2]"/>
        <net name="design_1_i/LFSR_0_sec[1]"/>
        <net name="design_1_i/LFSR_0_sec[0]"/>
      </nets>
    </probe>
    <probe type="ila" busType="net" source="netlist" spec="ILA_V2_RT">
      <probeOptions Id="DebugProbeParams">
        <Option Id="CAPTURE_COMPARE_VALUE" value="eq1&apos;bX"/>
        <Option Id="COMPARE_VALUE.0" value="eq1&apos;bX"/>
        <Option Id="DISPLAY_AS_ENUM" value="1"/>
        <Option Id="DISPLAY_HINT" value=""/>
        <Option Id="DISPLAY_RADIX" value="HEX"/>
        <Option Id="DISPLAY_VISIBILITY" value=""/>
        <Option Id="HW_ILA" value="design_1_i/ila_0"/>
        <Option Id="LINK_TO_WAVEFORM" value="1"/>
        <Option Id="MAP" value="probe8[0]"/>
        <Option Id="NAME.CUSTOM" value=""/>
        <Option Id="NAME.SELECT" value="Long"/>
        <Option Id="SOURCE" value="netlist"/>
        <Option Id="TRIGGER_COMPARE_VALUE" value="eq1&apos;bX"/>
        <Option Id="WAVEFORM_STYLE" value="Digital"/>
      </probeOptions>
      <nets>
        <net name="design_1_i/b_handler_2_press"/>
      </nets>
    </probe>
    <probe type="ila" busType="bus" source="netlist" spec="ILA_V2_RT">
      <probeOptions Id="DebugProbeParams">
        <Option Id="CAPTURE_COMPARE_VALUE" value="eq56&apos;hXX_XXXX_XXXX_XXXX"/>
        <Option Id="COMPARE_VALUE.0" value="eq56&apos;hXX_XXXX_XXXX_XXXX"/>
        <Option Id="DISPLAY_AS_ENUM" value="1"/>
        <Option Id="DISPLAY_HINT" value=""/>
        <Option Id="DISPLAY_RADIX" value="HEX"/>
        <Option Id="DISPLAY_VISIBILITY" value=""/>
        <Option Id="HW_ILA" value="design_1_i/ila_0"/>
        <Option Id="LINK_TO_WAVEFORM" value="1"/>
        <Option Id="MAP" value="probe6[55:0]"/>
        <Option Id="NAME.CUSTOM" value=""/>
        <Option Id="NAME.SELECT" value="Long"/>
        <Option Id="SOURCE" value="netlist"/>
        <Option Id="TRIGGER_COMPARE_VALUE" value="eq56&apos;hXX_XXXX_XXXX_XXXX"/>
        <Option Id="WAVEFORM_STYLE" value="Digital"/>
      </probeOptions>
      <nets>
        <net name="design_1_i/blk_mem_gen_0_douta[55]"/>
        <net name="design_1_i/blk_mem_gen_0_douta[54]"/>
        <net name="design_1_i/blk_mem_gen_0_douta[53]"/>
        <net name="design_1_i/blk_mem_gen_0_douta[52]"/>
        <net name="design_1_i/blk_mem_gen_0_douta[51]"/>
        <net name="design_1_i/blk_mem_gen_0_douta[50]"/>
        <net name="design_1_i/blk_mem_gen_0_douta[49]"/>
        <net name="design_1_i/blk_mem_gen_0_douta[48]"/>
        <net name="design_1_i/blk_mem_gen_0_douta[47]"/>
        <net name="design_1_i/blk_mem_gen_0_douta[46]"/>
        <net name="design_1_i/blk_mem_gen_0_douta[45]"/>
        <net name="design_1_i/blk_mem_gen_0_douta[44]"/>
        <net name="design_1_i/blk_mem_gen_0_douta[43]"/>
        <net name="design_1_i/blk_mem_gen_0_douta[42]"/>
        <net name="design_1_i/blk_mem_gen_0_douta[41]"/>
        <net name="design_1_i/blk_mem_gen_0_douta[40]"/>
        <net name="design_1_i/blk_mem_gen_0_douta[39]"/>
        <net name="design_1_i/blk_mem_gen_0_douta[38]"/>
        <net name="design_1_i/blk_mem_gen_0_douta[37]"/>
        <net name="design_1_i/blk_mem_gen_0_douta[36]"/>
        <net name="design_1_i/blk_mem_gen_0_douta[35]"/>
        <net name="design_1_i/blk_mem_gen_0_douta[34]"/>
        <net name="design_1_i/blk_mem_gen_0_douta[33]"/>
        <net name="design_1_i/blk_mem_gen_0_douta[32]"/>
        <net name="design_1_i/blk_mem_gen_0_douta[31]"/>
        <net name="design_1_i/blk_mem_gen_0_douta[30]"/>
        <net name="design_1_i/blk_mem_gen_0_douta[29]"/>
        <net name="design_1_i/blk_mem_gen_0_douta[28]"/>
        <net name="design_1_i/blk_mem_gen_0_douta[27]"/>
        <net name="design_1_i/blk_mem_gen_0_douta[26]"/>
        <net name="design_1_i/blk_mem_gen_0_douta[25]"/>
        <net name="design_1_i/blk_mem_gen_0_douta[24]"/>
        <net name="design_1_i/blk_mem_gen_0_douta[23]"/>
        <net name="design_1_i/blk_mem_gen_0_douta[22]"/>
        <net name="design_1_i/blk_mem_gen_0_douta[21]"/>
        <net name="design_1_i/blk_mem_gen_0_douta[20]"/>
        <net name="design_1_i/blk_mem_gen_0_douta[19]"/>
        <net name="design_1_i/blk_mem_gen_0_douta[18]"/>
        <net name="design_1_i/blk_mem_gen_0_douta[17]"/>
        <net name="design_1_i/blk_mem_gen_0_douta[16]"/>
        <net name="design_1_i/blk_mem_gen_0_douta[15]"/>
        <net name="design_1_i/blk_mem_gen_0_douta[14]"/>
        <net name="design_1_i/blk_mem_gen_0_douta[13]"/>
        <net name="design_1_i/blk_mem_gen_0_douta[12]"/>
        <net name="design_1_i/blk_mem_gen_0_douta[11]"/>
        <net name="design_1_i/blk_mem_gen_0_douta[10]"/>
        <net name="design_1_i/blk_mem_gen_0_douta[9]"/>
        <net name="design_1_i/blk_mem_gen_0_douta[8]"/>
        <net name="design_1_i/blk_mem_gen_0_douta[7]"/>
        <net name="design_1_i/blk_mem_gen_0_douta[6]"/>
        <net name="design_1_i/blk_mem_gen_0_douta[5]"/>
        <net name="design_1_i/blk_mem_gen_0_douta[4]"/>
        <net name="design_1_i/blk_mem_gen_0_douta[3]"/>
        <net name="design_1_i/blk_mem_gen_0_douta[2]"/>
        <net name="design_1_i/blk_mem_gen_0_douta[1]"/>
        <net name="design_1_i/blk_mem_gen_0_douta[0]"/>
      </nets>
    </probe>
    <probe type="ila" busType="bus" source="netlist" spec="ILA_V2_RT">
      <probeOptions Id="DebugProbeParams">
        <Option Id="CAPTURE_COMPARE_VALUE" value="eq3&apos;hX"/>
        <Option Id="COMPARE_VALUE.0" value="eq3&apos;hX"/>
        <Option Id="DISPLAY_AS_ENUM" value="1"/>
        <Option Id="DISPLAY_HINT" value=""/>
        <Option Id="DISPLAY_RADIX" value="HEX"/>
        <Option Id="DISPLAY_VISIBILITY" value=""/>
        <Option Id="HW_ILA" value="design_1_i/ila_0"/>
        <Option Id="LINK_TO_WAVEFORM" value="1"/>
        <Option Id="MAP" value="probe4[2:0]"/>
        <Option Id="NAME.CUSTOM" value=""/>
        <Option Id="NAME.SELECT" value="Long"/>
        <Option Id="SOURCE" value="netlist"/>
        <Option Id="TRIGGER_COMPARE_VALUE" value="eq3&apos;hX"/>
        <Option Id="WAVEFORM_STYLE" value="Digital"/>
      </probeOptions>
      <nets>
        <net name="design_1_i/main_menu_0_ram_address[2]"/>
        <net name="design_1_i/main_menu_0_ram_address[1]"/>
        <net name="design_1_i/main_menu_0_ram_address[0]"/>
      </nets>
    </probe>
    <probe type="ila" busType="bus" source="netlist" spec="ILA_V2_RT">
      <probeOptions Id="DebugProbeParams">
        <Option Id="CAPTURE_COMPARE_VALUE" value="eq2&apos;hX"/>
        <Option Id="COMPARE_VALUE.0" value="eq2&apos;hX"/>
        <Option Id="DISPLAY_AS_ENUM" value="1"/>
        <Option Id="DISPLAY_HINT" value=""/>
        <Option Id="DISPLAY_RADIX" value="HEX"/>
        <Option Id="DISPLAY_VISIBILITY" value=""/>
        <Option Id="HW_ILA" value="design_1_i/ila_0"/>
        <Option Id="LINK_TO_WAVEFORM" value="1"/>
        <Option Id="MAP" value="probe5[1:0]"/>
        <Option Id="NAME.CUSTOM" value=""/>
        <Option Id="NAME.SELECT" value="Long"/>
        <Option Id="SOURCE" value="netlist"/>
        <Option Id="TRIGGER_COMPARE_VALUE" value="eq2&apos;hX"/>
        <Option Id="WAVEFORM_STYLE" value="Digital"/>
      </probeOptions>
      <nets>
        <net name="design_1_i/main_menu_0_ram_control[1]"/>
        <net name="design_1_i/main_menu_0_ram_control[0]"/>
      </nets>
    </probe>
    <probe type="ila" busType="net" source="netlist" spec="ILA_V2_RT">
      <probeOptions Id="DebugProbeParams">
        <Option Id="CAPTURE_COMPARE_VALUE" value="eq1&apos;bX"/>
        <Option Id="COMPARE_VALUE.0" value="eq1&apos;bX"/>
        <Option Id="DISPLAY_AS_ENUM" value="1"/>
        <Option Id="DISPLAY_HINT" value=""/>
        <Option Id="DISPLAY_RADIX" value="HEX"/>
        <Option Id="DISPLAY_VISIBILITY" value=""/>
        <Option Id="HW_ILA" value="design_1_i/ila_0"/>
        <Option Id="LINK_TO_WAVEFORM" value="1"/>
        <Option Id="MAP" value="probe2[0]"/>
        <Option Id="NAME.CUSTOM" value=""/>
        <Option Id="NAME.SELECT" value="Long"/>
        <Option Id="SOURCE" value="netlist"/>
        <Option Id="TRIGGER_COMPARE_VALUE" value="eq1&apos;bX"/>
        <Option Id="WAVEFORM_STYLE" value="Digital"/>
      </probeOptions>
      <nets>
        <net name="design_1_i/mon_generator_0_gen_ready"/>
      </nets>
    </probe>
    <probe type="ila" busType="bus" source="netlist" spec="ILA_V2_RT">
      <probeOptions Id="DebugProbeParams">
        <Option Id="CAPTURE_COMPARE_VALUE" value="eq3&apos;hX"/>
        <Option Id="COMPARE_VALUE.0" value="eq3&apos;hX"/>
        <Option Id="DISPLAY_AS_ENUM" value="1"/>
        <Option Id="DISPLAY_HINT" value=""/>
        <Option Id="DISPLAY_RADIX" value="HEX"/>
        <Option Id="DISPLAY_VISIBILITY" value=""/>
        <Option Id="HW_ILA" value="design_1_i/ila_0"/>
        <Option Id="LINK_TO_WAVEFORM" value="1"/>
        <Option Id="MAP" value="probe1[2:0]"/>
        <Option Id="NAME.CUSTOM" value=""/>
        <Option Id="NAME.SELECT" value="Long"/>
        <Option Id="SOURCE" value="netlist"/>
        <Option Id="TRIGGER_COMPARE_VALUE" value="eq3&apos;hX"/>
        <Option Id="WAVEFORM_STYLE" value="Digital"/>
      </probeOptions>
      <nets>
        <net name="design_1_i/mon_generator_0_o_address[2]"/>
        <net name="design_1_i/mon_generator_0_o_address[1]"/>
        <net name="design_1_i/mon_generator_0_o_address[0]"/>
      </nets>
    </probe>
    <probe type="ila" busType="bus" source="netlist" spec="ILA_V2_RT">
      <probeOptions Id="DebugProbeParams">
        <Option Id="CAPTURE_COMPARE_VALUE" value="eq56&apos;hXX_XXXX_XXXX_XXXX"/>
        <Option Id="COMPARE_VALUE.0" value="eq56&apos;hXX_XXXX_XXXX_XXXX"/>
        <Option Id="DISPLAY_AS_ENUM" value="1"/>
        <Option Id="DISPLAY_HINT" value=""/>
        <Option Id="DISPLAY_RADIX" value="HEX"/>
        <Option Id="DISPLAY_VISIBILITY" value=""/>
        <Option Id="HW_ILA" value="design_1_i/ila_0"/>
        <Option Id="LINK_TO_WAVEFORM" value="1"/>
        <Option Id="MAP" value="probe0[55:0]"/>
        <Option Id="NAME.CUSTOM" value=""/>
        <Option Id="NAME.SELECT" value="Long"/>
        <Option Id="SOURCE" value="netlist"/>
        <Option Id="TRIGGER_COMPARE_VALUE" value="eq56&apos;hXX_XXXX_XXXX_XXXX"/>
        <Option Id="WAVEFORM_STYLE" value="Digital"/>
      </probeOptions>
      <nets>
        <net name="design_1_i/mon_generator_0_o_data[55]"/>
        <net name="design_1_i/mon_generator_0_o_data[54]"/>
        <net name="design_1_i/mon_generator_0_o_data[53]"/>
        <net name="design_1_i/mon_generator_0_o_data[52]"/>
        <net name="design_1_i/mon_generator_0_o_data[51]"/>
        <net name="design_1_i/mon_generator_0_o_data[50]"/>
        <net name="design_1_i/mon_generator_0_o_data[49]"/>
        <net name="design_1_i/mon_generator_0_o_data[48]"/>
        <net name="design_1_i/mon_generator_0_o_data[47]"/>
        <net name="design_1_i/mon_generator_0_o_data[46]"/>
        <net name="design_1_i/mon_generator_0_o_data[45]"/>
        <net name="design_1_i/mon_generator_0_o_data[44]"/>
        <net name="design_1_i/mon_generator_0_o_data[43]"/>
        <net name="design_1_i/mon_generator_0_o_data[42]"/>
        <net name="design_1_i/mon_generator_0_o_data[41]"/>
        <net name="design_1_i/mon_generator_0_o_data[40]"/>
        <net name="design_1_i/mon_generator_0_o_data[39]"/>
        <net name="design_1_i/mon_generator_0_o_data[38]"/>
        <net name="design_1_i/mon_generator_0_o_data[37]"/>
        <net name="design_1_i/mon_generator_0_o_data[36]"/>
        <net name="design_1_i/mon_generator_0_o_data[35]"/>
        <net name="design_1_i/mon_generator_0_o_data[34]"/>
        <net name="design_1_i/mon_generator_0_o_data[33]"/>
        <net name="design_1_i/mon_generator_0_o_data[32]"/>
        <net name="design_1_i/mon_generator_0_o_data[31]"/>
        <net name="design_1_i/mon_generator_0_o_data[30]"/>
        <net name="design_1_i/mon_generator_0_o_data[29]"/>
        <net name="design_1_i/mon_generator_0_o_data[28]"/>
        <net name="design_1_i/mon_generator_0_o_data[27]"/>
        <net name="design_1_i/mon_generator_0_o_data[26]"/>
        <net name="design_1_i/mon_generator_0_o_data[25]"/>
        <net name="design_1_i/mon_generator_0_o_data[24]"/>
        <net name="design_1_i/mon_generator_0_o_data[23]"/>
        <net name="design_1_i/mon_generator_0_o_data[22]"/>
        <net name="design_1_i/mon_generator_0_o_data[21]"/>
        <net name="design_1_i/mon_generator_0_o_data[20]"/>
        <net name="design_1_i/mon_generator_0_o_data[19]"/>
        <net name="design_1_i/mon_generator_0_o_data[18]"/>
        <net name="design_1_i/mon_generator_0_o_data[17]"/>
        <net name="design_1_i/mon_generator_0_o_data[16]"/>
        <net name="design_1_i/mon_generator_0_o_data[15]"/>
        <net name="design_1_i/mon_generator_0_o_data[14]"/>
        <net name="design_1_i/mon_generator_0_o_data[13]"/>
        <net name="design_1_i/mon_generator_0_o_data[12]"/>
        <net name="design_1_i/mon_generator_0_o_data[11]"/>
        <net name="design_1_i/mon_generator_0_o_data[10]"/>
        <net name="design_1_i/mon_generator_0_o_data[9]"/>
        <net name="design_1_i/mon_generator_0_o_data[8]"/>
        <net name="design_1_i/mon_generator_0_o_data[7]"/>
        <net name="design_1_i/mon_generator_0_o_data[6]"/>
        <net name="design_1_i/mon_generator_0_o_data[5]"/>
        <net name="design_1_i/mon_generator_0_o_data[4]"/>
        <net name="design_1_i/mon_generator_0_o_data[3]"/>
        <net name="design_1_i/mon_generator_0_o_data[2]"/>
        <net name="design_1_i/mon_generator_0_o_data[1]"/>
        <net name="design_1_i/mon_generator_0_o_data[0]"/>
      </nets>
    </probe>
    <probe type="ila" busType="net" source="netlist" spec="ILA_V2_RT">
      <probeOptions Id="DebugProbeParams">
        <Option Id="CAPTURE_COMPARE_VALUE" value="eq1&apos;bX"/>
        <Option Id="COMPARE_VALUE.0" value="eq1&apos;bX"/>
        <Option Id="DISPLAY_AS_ENUM" value="1"/>
        <Option Id="DISPLAY_HINT" value=""/>
        <Option Id="DISPLAY_RADIX" value="HEX"/>
        <Option Id="DISPLAY_VISIBILITY" value=""/>
        <Option Id="HW_ILA" value="design_1_i/ila_0"/>
        <Option Id="LINK_TO_WAVEFORM" value="1"/>
        <Option Id="MAP" value="probe3[0]"/>
        <Option Id="NAME.CUSTOM" value=""/>
        <Option Id="NAME.SELECT" value="Long"/>
        <Option Id="SOURCE" value="netlist"/>
        <Option Id="TRIGGER_COMPARE_VALUE" value="eq1&apos;bX"/>
        <Option Id="WAVEFORM_STYLE" value="Digital"/>
      </probeOptions>
      <nets>
        <net name="design_1_i/mon_generator_0_we"/>
      </nets>
    </probe>
    <probe type="vio_output" busType="bus" source="netlist" spec="VIO_OUTPUT_V2_RT">
      <probeOptions Id="DebugProbeParams">
        <Option Id="DISPLAY_HINT" value=""/>
        <Option Id="DISPLAY_VISIBILITY" value=""/>
        <Option Id="HW_VIO" value="design_1_i/vio_0"/>
        <Option Id="NAME.CUSTOM" value=""/>
        <Option Id="NAME.SELECT" value="Long"/>
        <Option Id="OUTPUT_VALUE" value=""/>
        <Option Id="OUTPUT_VALUE_RADIX" value="HEX"/>
        <Option Id="SOURCE" value="netlist"/>
      </probeOptions>
      <nets>
        <net name="design_1_i/vio_0_probe_out0[2]"/>
        <net name="design_1_i/vio_0_probe_out0[1]"/>
        <net name="design_1_i/vio_0_probe_out0[0]"/>
      </nets>
    </probe>
    <probe type="vio_output" busType="net" source="netlist" spec="VIO_OUTPUT_V2_RT">
      <probeOptions Id="DebugProbeParams">
        <Option Id="DISPLAY_HINT" value=""/>
        <Option Id="DISPLAY_VISIBILITY" value=""/>
        <Option Id="HW_VIO" value="design_1_i/vio_0"/>
        <Option Id="NAME.CUSTOM" value=""/>
        <Option Id="NAME.SELECT" value="Long"/>
        <Option Id="OUTPUT_VALUE" value=""/>
        <Option Id="OUTPUT_VALUE_RADIX" value="BINARY"/>
        <Option Id="SOURCE" value="netlist"/>
      </probeOptions>
      <nets>
        <net name="design_1_i/vio_0_probe_out1"/>
      </nets>
    </probe>
    <probe type="vio_output" busType="bus" source="netlist" spec="VIO_OUTPUT_V2_RT">
      <probeOptions Id="DebugProbeParams">
        <Option Id="DISPLAY_HINT" value=""/>
        <Option Id="DISPLAY_VISIBILITY" value=""/>
        <Option Id="HW_VIO" value="design_1_i/vio_0"/>
        <Option Id="NAME.CUSTOM" value=""/>
        <Option Id="NAME.SELECT" value="Long"/>
        <Option Id="OUTPUT_VALUE" value=""/>
        <Option Id="OUTPUT_VALUE_RADIX" value="HEX"/>
        <Option Id="SOURCE" value="netlist"/>
      </probeOptions>
      <nets>
        <net name="design_1_i/vio_0_probe_out2[55]"/>
        <net name="design_1_i/vio_0_probe_out2[54]"/>
        <net name="design_1_i/vio_0_probe_out2[53]"/>
        <net name="design_1_i/vio_0_probe_out2[52]"/>
        <net name="design_1_i/vio_0_probe_out2[51]"/>
        <net name="design_1_i/vio_0_probe_out2[50]"/>
        <net name="design_1_i/vio_0_probe_out2[49]"/>
        <net name="design_1_i/vio_0_probe_out2[48]"/>
        <net name="design_1_i/vio_0_probe_out2[47]"/>
        <net name="design_1_i/vio_0_probe_out2[46]"/>
        <net name="design_1_i/vio_0_probe_out2[45]"/>
        <net name="design_1_i/vio_0_probe_out2[44]"/>
        <net name="design_1_i/vio_0_probe_out2[43]"/>
        <net name="design_1_i/vio_0_probe_out2[42]"/>
        <net name="design_1_i/vio_0_probe_out2[41]"/>
        <net name="design_1_i/vio_0_probe_out2[40]"/>
        <net name="design_1_i/vio_0_probe_out2[39]"/>
        <net name="design_1_i/vio_0_probe_out2[38]"/>
        <net name="design_1_i/vio_0_probe_out2[37]"/>
        <net name="design_1_i/vio_0_probe_out2[36]"/>
        <net name="design_1_i/vio_0_probe_out2[35]"/>
        <net name="design_1_i/vio_0_probe_out2[34]"/>
        <net name="design_1_i/vio_0_probe_out2[33]"/>
        <net name="design_1_i/vio_0_probe_out2[32]"/>
        <net name="design_1_i/vio_0_probe_out2[31]"/>
        <net name="design_1_i/vio_0_probe_out2[30]"/>
        <net name="design_1_i/vio_0_probe_out2[29]"/>
        <net name="design_1_i/vio_0_probe_out2[28]"/>
        <net name="design_1_i/vio_0_probe_out2[27]"/>
        <net name="design_1_i/vio_0_probe_out2[26]"/>
        <net name="design_1_i/vio_0_probe_out2[25]"/>
        <net name="design_1_i/vio_0_probe_out2[24]"/>
        <net name="design_1_i/vio_0_probe_out2[23]"/>
        <net name="design_1_i/vio_0_probe_out2[22]"/>
        <net name="design_1_i/vio_0_probe_out2[21]"/>
        <net name="design_1_i/vio_0_probe_out2[20]"/>
        <net name="design_1_i/vio_0_probe_out2[19]"/>
        <net name="design_1_i/vio_0_probe_out2[18]"/>
        <net name="design_1_i/vio_0_probe_out2[17]"/>
        <net name="design_1_i/vio_0_probe_out2[16]"/>
        <net name="design_1_i/vio_0_probe_out2[15]"/>
        <net name="design_1_i/vio_0_probe_out2[14]"/>
        <net name="design_1_i/vio_0_probe_out2[13]"/>
        <net name="design_1_i/vio_0_probe_out2[12]"/>
        <net name="design_1_i/vio_0_probe_out2[11]"/>
        <net name="design_1_i/vio_0_probe_out2[10]"/>
        <net name="design_1_i/vio_0_probe_out2[9]"/>
        <net name="design_1_i/vio_0_probe_out2[8]"/>
        <net name="design_1_i/vio_0_probe_out2[7]"/>
        <net name="design_1_i/vio_0_probe_out2[6]"/>
        <net name="design_1_i/vio_0_probe_out2[5]"/>
        <net name="design_1_i/vio_0_probe_out2[4]"/>
        <net name="design_1_i/vio_0_probe_out2[3]"/>
        <net name="design_1_i/vio_0_probe_out2[2]"/>
        <net name="design_1_i/vio_0_probe_out2[1]"/>
        <net name="design_1_i/vio_0_probe_out2[0]"/>
      </nets>
    </probe>
  </probeset>
</hwsession>
