<?xml version="1.0" encoding="UTF-8"?>
<spirit:component xmlns:xilinx="http://www.xilinx.com" xmlns:spirit="http://www.spiritconsortium.org/XMLSchema/SPIRIT/1685-2009" xmlns:xsi="http://www.w3.org/2001/XMLSchema-instance">
  <spirit:vendor>xilinx.com</spirit:vendor>
  <spirit:library>customized_ip</spirit:library>
  <spirit:name>design_1_LFSR_0_0</spirit:name>
  <spirit:version>1.0</spirit:version>
  <spirit:busInterfaces>
    <spirit:busInterface>
      <spirit:name>clk</spirit:name>
      <spirit:busType spirit:vendor="xilinx.com" spirit:library="signal" spirit:name="clock" spirit:version="1.0"/>
      <spirit:abstractionType spirit:vendor="xilinx.com" spirit:library="signal" spirit:name="clock_rtl" spirit:version="1.0"/>
      <spirit:slave/>
      <spirit:portMaps>
        <spirit:portMap>
          <spirit:logicalPort>
            <spirit:name>CLK</spirit:name>
          </spirit:logicalPort>
          <spirit:physicalPort>
            <spirit:name>clk</spirit:name>
          </spirit:physicalPort>
        </spirit:portMap>
      </spirit:portMaps>
      <spirit:parameters>
        <spirit:parameter>
          <spirit:name>FREQ_HZ</spirit:name>
          <spirit:value spirit:format="long" spirit:resolve="generated" spirit:id="BUSIFPARAM_VALUE.CLK.FREQ_HZ">100000000</spirit:value>
          <spirit:vendorExtensions>
            <xilinx:parameterInfo>
              <xilinx:parameterUsage>none</xilinx:parameterUsage>
            </xilinx:parameterInfo>
          </spirit:vendorExtensions>
        </spirit:parameter>
        <spirit:parameter>
          <spirit:name>FREQ_TOLERANCE_HZ</spirit:name>
          <spirit:value spirit:format="long" spirit:resolve="generated" spirit:id="BUSIFPARAM_VALUE.CLK.FREQ_TOLERANCE_HZ">0</spirit:value>
          <spirit:vendorExtensions>
            <xilinx:parameterInfo>
              <xilinx:parameterUsage>none</xilinx:parameterUsage>
            </xilinx:parameterInfo>
          </spirit:vendorExtensions>
        </spirit:parameter>
        <spirit:parameter>
          <spirit:name>PHASE</spirit:name>
          <spirit:value spirit:format="float" spirit:resolve="generated" spirit:id="BUSIFPARAM_VALUE.CLK.PHASE">0.000</spirit:value>
          <spirit:vendorExtensions>
            <xilinx:parameterInfo>
              <xilinx:parameterUsage>none</xilinx:parameterUsage>
            </xilinx:parameterInfo>
          </spirit:vendorExtensions>
        </spirit:parameter>
        <spirit:parameter>
          <spirit:name>CLK_DOMAIN</spirit:name>
          <spirit:value spirit:resolve="generated" spirit:id="BUSIFPARAM_VALUE.CLK.CLK_DOMAIN"/>
          <spirit:vendorExtensions>
            <xilinx:parameterInfo>
              <xilinx:parameterUsage>none</xilinx:parameterUsage>
            </xilinx:parameterInfo>
          </spirit:vendorExtensions>
        </spirit:parameter>
        <spirit:parameter>
          <spirit:name>ASSOCIATED_BUSIF</spirit:name>
          <spirit:value spirit:resolve="generated" spirit:id="BUSIFPARAM_VALUE.CLK.ASSOCIATED_BUSIF"/>
          <spirit:vendorExtensions>
            <xilinx:parameterInfo>
              <xilinx:parameterUsage>none</xilinx:parameterUsage>
            </xilinx:parameterInfo>
          </spirit:vendorExtensions>
        </spirit:parameter>
        <spirit:parameter>
          <spirit:name>ASSOCIATED_RESET</spirit:name>
          <spirit:value spirit:resolve="generated" spirit:id="BUSIFPARAM_VALUE.CLK.ASSOCIATED_RESET"/>
          <spirit:vendorExtensions>
            <xilinx:parameterInfo>
              <xilinx:parameterUsage>none</xilinx:parameterUsage>
            </xilinx:parameterInfo>
          </spirit:vendorExtensions>
        </spirit:parameter>
        <spirit:parameter>
          <spirit:name>INSERT_VIP</spirit:name>
          <spirit:value spirit:format="long" spirit:resolve="user" spirit:id="BUSIFPARAM_VALUE.CLK.INSERT_VIP">0</spirit:value>
          <spirit:vendorExtensions>
            <xilinx:parameterInfo>
              <xilinx:parameterUsage>simulation.rtl</xilinx:parameterUsage>
            </xilinx:parameterInfo>
          </spirit:vendorExtensions>
        </spirit:parameter>
      </spirit:parameters>
    </spirit:busInterface>
  </spirit:busInterfaces>
  <spirit:model>
    <spirit:views>
      <spirit:view>
        <spirit:name>xilinx_anylanguagesynthesis</spirit:name>
        <spirit:displayName>Synthesis</spirit:displayName>
        <spirit:envIdentifier>:vivado.xilinx.com:synthesis</spirit:envIdentifier>
        <spirit:modelName>LFSR</spirit:modelName>
        <spirit:fileSetRef>
          <spirit:localName>xilinx_anylanguagesynthesis_view_fileset</spirit:localName>
        </spirit:fileSetRef>
        <spirit:parameters>
          <spirit:parameter>
            <spirit:name>GENtimestamp</spirit:name>
            <spirit:value>Thu May 08 18:46:27 UTC 2025</spirit:value>
          </spirit:parameter>
          <spirit:parameter>
            <spirit:name>outputProductCRC</spirit:name>
            <spirit:value>9:821d9d0f</spirit:value>
          </spirit:parameter>
        </spirit:parameters>
      </spirit:view>
      <spirit:view>
        <spirit:name>xilinx_synthesisconstraints</spirit:name>
        <spirit:displayName>Synthesis Constraints</spirit:displayName>
        <spirit:envIdentifier>:vivado.xilinx.com:synthesis.constraints</spirit:envIdentifier>
        <spirit:parameters>
          <spirit:parameter>
            <spirit:name>outputProductCRC</spirit:name>
            <spirit:value>9:821d9d0f</spirit:value>
          </spirit:parameter>
        </spirit:parameters>
      </spirit:view>
      <spirit:view>
        <spirit:name>xilinx_vhdlsynthesiswrapper</spirit:name>
        <spirit:displayName>VHDL Synthesis Wrapper</spirit:displayName>
        <spirit:envIdentifier>vhdlSource:vivado.xilinx.com:synthesis.wrapper</spirit:envIdentifier>
        <spirit:language>vhdl</spirit:language>
        <spirit:modelName>design_1_LFSR_0_0</spirit:modelName>
        <spirit:fileSetRef>
          <spirit:localName>xilinx_vhdlsynthesiswrapper_view_fileset</spirit:localName>
        </spirit:fileSetRef>
        <spirit:parameters>
          <spirit:parameter>
            <spirit:name>GENtimestamp</spirit:name>
            <spirit:value>Thu May 08 18:46:27 UTC 2025</spirit:value>
          </spirit:parameter>
          <spirit:parameter>
            <spirit:name>outputProductCRC</spirit:name>
            <spirit:value>9:821d9d0f</spirit:value>
          </spirit:parameter>
        </spirit:parameters>
      </spirit:view>
      <spirit:view>
        <spirit:name>xilinx_anylanguagebehavioralsimulation</spirit:name>
        <spirit:displayName>Simulation</spirit:displayName>
        <spirit:envIdentifier>:vivado.xilinx.com:simulation</spirit:envIdentifier>
        <spirit:modelName>LFSR</spirit:modelName>
        <spirit:fileSetRef>
          <spirit:localName>xilinx_anylanguagebehavioralsimulation_view_fileset</spirit:localName>
        </spirit:fileSetRef>
        <spirit:parameters>
          <spirit:parameter>
            <spirit:name>GENtimestamp</spirit:name>
            <spirit:value>Thu May 08 18:46:27 UTC 2025</spirit:value>
          </spirit:parameter>
          <spirit:parameter>
            <spirit:name>outputProductCRC</spirit:name>
            <spirit:value>9:06ec0443</spirit:value>
          </spirit:parameter>
        </spirit:parameters>
      </spirit:view>
      <spirit:view>
        <spirit:name>xilinx_vhdlsimulationwrapper</spirit:name>
        <spirit:displayName>VHDL Simulation Wrapper</spirit:displayName>
        <spirit:envIdentifier>vhdlSource:vivado.xilinx.com:simulation.wrapper</spirit:envIdentifier>
        <spirit:language>vhdl</spirit:language>
        <spirit:modelName>design_1_LFSR_0_0</spirit:modelName>
        <spirit:fileSetRef>
          <spirit:localName>xilinx_vhdlsimulationwrapper_view_fileset</spirit:localName>
        </spirit:fileSetRef>
        <spirit:parameters>
          <spirit:parameter>
            <spirit:name>GENtimestamp</spirit:name>
            <spirit:value>Thu May 08 18:46:27 UTC 2025</spirit:value>
          </spirit:parameter>
          <spirit:parameter>
            <spirit:name>outputProductCRC</spirit:name>
            <spirit:value>9:06ec0443</spirit:value>
          </spirit:parameter>
        </spirit:parameters>
      </spirit:view>
      <spirit:view>
        <spirit:name>xilinx_externalfiles</spirit:name>
        <spirit:displayName>External Files</spirit:displayName>
        <spirit:envIdentifier>:vivado.xilinx.com:external.files</spirit:envIdentifier>
        <spirit:fileSetRef>
          <spirit:localName>xilinx_externalfiles_view_fileset</spirit:localName>
        </spirit:fileSetRef>
        <spirit:parameters>
          <spirit:parameter>
            <spirit:name>GENtimestamp</spirit:name>
            <spirit:value>Thu May 08 18:47:41 UTC 2025</spirit:value>
          </spirit:parameter>
          <spirit:parameter>
            <spirit:name>outputProductCRC</spirit:name>
            <spirit:value>9:821d9d0f</spirit:value>
          </spirit:parameter>
        </spirit:parameters>
      </spirit:view>
    </spirit:views>
    <spirit:ports>
      <spirit:port>
        <spirit:name>clk</spirit:name>
        <spirit:wire>
          <spirit:direction>in</spirit:direction>
          <spirit:wireTypeDefs>
            <spirit:wireTypeDef>
              <spirit:typeName>std_logic</spirit:typeName>
              <spirit:viewNameRef>xilinx_anylanguagesynthesis</spirit:viewNameRef>
              <spirit:viewNameRef>xilinx_anylanguagebehavioralsimulation</spirit:viewNameRef>
            </spirit:wireTypeDef>
          </spirit:wireTypeDefs>
        </spirit:wire>
      </spirit:port>
      <spirit:port>
        <spirit:name>sec</spirit:name>
        <spirit:wire>
          <spirit:direction>out</spirit:direction>
          <spirit:vector>
            <spirit:left spirit:format="long">9</spirit:left>
            <spirit:right spirit:format="long">0</spirit:right>
          </spirit:vector>
          <spirit:wireTypeDefs>
            <spirit:wireTypeDef>
              <spirit:typeName>std_logic_vector</spirit:typeName>
              <spirit:viewNameRef>xilinx_anylanguagesynthesis</spirit:viewNameRef>
              <spirit:viewNameRef>xilinx_anylanguagebehavioralsimulation</spirit:viewNameRef>
            </spirit:wireTypeDef>
          </spirit:wireTypeDefs>
        </spirit:wire>
      </spirit:port>
    </spirit:ports>
    <spirit:modelParameters>
      <spirit:modelParameter xsi:type="spirit:nameValueTypeType" spirit:dataType="integer">
        <spirit:name>reg_length</spirit:name>
        <spirit:displayName>Reg Length</spirit:displayName>
        <spirit:value spirit:format="long" spirit:resolve="generated" spirit:id="MODELPARAM_VALUE.reg_length">16</spirit:value>
      </spirit:modelParameter>
      <spirit:modelParameter spirit:dataType="std_logic_vector">
        <spirit:name>seed</spirit:name>
        <spirit:displayName>Seed</spirit:displayName>
        <spirit:value spirit:format="bitString" spirit:resolve="generated" spirit:id="MODELPARAM_VALUE.seed" spirit:bitStringLength="16">0x14D2</spirit:value>
      </spirit:modelParameter>
    </spirit:modelParameters>
  </spirit:model>
  <spirit:fileSets>
    <spirit:fileSet>
      <spirit:name>xilinx_anylanguagesynthesis_view_fileset</spirit:name>
      <spirit:file>
        <spirit:name>../../ipshared/3153/src/LSFR.vhd</spirit:name>
        <spirit:fileType>vhdlSource</spirit:fileType>
      </spirit:file>
    </spirit:fileSet>
    <spirit:fileSet>
      <spirit:name>xilinx_vhdlsynthesiswrapper_view_fileset</spirit:name>
      <spirit:file>
        <spirit:name>synth/design_1_LFSR_0_0.vhd</spirit:name>
        <spirit:fileType>vhdlSource</spirit:fileType>
        <spirit:logicalName>xil_defaultlib</spirit:logicalName>
      </spirit:file>
    </spirit:fileSet>
    <spirit:fileSet>
      <spirit:name>xilinx_anylanguagebehavioralsimulation_view_fileset</spirit:name>
      <spirit:file>
        <spirit:name>../../ipshared/3153/src/LSFR.vhd</spirit:name>
        <spirit:fileType>vhdlSource</spirit:fileType>
      </spirit:file>
    </spirit:fileSet>
    <spirit:fileSet>
      <spirit:name>xilinx_vhdlsimulationwrapper_view_fileset</spirit:name>
      <spirit:file>
        <spirit:name>sim/design_1_LFSR_0_0.vhd</spirit:name>
        <spirit:fileType>vhdlSource</spirit:fileType>
        <spirit:logicalName>xil_defaultlib</spirit:logicalName>
      </spirit:file>
    </spirit:fileSet>
    <spirit:fileSet>
      <spirit:name>xilinx_externalfiles_view_fileset</spirit:name>
      <spirit:file>
        <spirit:name>design_1_LFSR_0_0.dcp</spirit:name>
        <spirit:userFileType>dcp</spirit:userFileType>
        <spirit:userFileType>USED_IN_implementation</spirit:userFileType>
        <spirit:userFileType>USED_IN_synthesis</spirit:userFileType>
        <spirit:logicalName>xil_defaultlib</spirit:logicalName>
      </spirit:file>
      <spirit:file>
        <spirit:name>design_1_LFSR_0_0_stub.v</spirit:name>
        <spirit:fileType>verilogSource</spirit:fileType>
        <spirit:userFileType>USED_IN_synth_blackbox_stub</spirit:userFileType>
        <spirit:logicalName>xil_defaultlib</spirit:logicalName>
      </spirit:file>
      <spirit:file>
        <spirit:name>design_1_LFSR_0_0_stub.vhdl</spirit:name>
        <spirit:fileType>vhdlSource</spirit:fileType>
        <spirit:userFileType>USED_IN_synth_blackbox_stub</spirit:userFileType>
        <spirit:logicalName>xil_defaultlib</spirit:logicalName>
      </spirit:file>
      <spirit:file>
        <spirit:name>design_1_LFSR_0_0_sim_netlist.v</spirit:name>
        <spirit:fileType>verilogSource</spirit:fileType>
        <spirit:userFileType>USED_IN_simulation</spirit:userFileType>
        <spirit:userFileType>USED_IN_single_language</spirit:userFileType>
        <spirit:logicalName>xil_defaultlib</spirit:logicalName>
      </spirit:file>
      <spirit:file>
        <spirit:name>design_1_LFSR_0_0_sim_netlist.vhdl</spirit:name>
        <spirit:fileType>vhdlSource</spirit:fileType>
        <spirit:userFileType>USED_IN_simulation</spirit:userFileType>
        <spirit:userFileType>USED_IN_single_language</spirit:userFileType>
        <spirit:logicalName>xil_defaultlib</spirit:logicalName>
      </spirit:file>
    </spirit:fileSet>
  </spirit:fileSets>
  <spirit:description>LFSR_v1_0</spirit:description>
  <spirit:parameters>
    <spirit:parameter>
      <spirit:name>reg_length</spirit:name>
      <spirit:displayName>Register Length</spirit:displayName>
      <spirit:value spirit:format="long" spirit:resolve="user" spirit:id="PARAM_VALUE.reg_length" spirit:minimum="16" spirit:maximum="32" spirit:rangeType="long">16</spirit:value>
    </spirit:parameter>
    <spirit:parameter>
      <spirit:name>seed</spirit:name>
      <spirit:displayName>Seed</spirit:displayName>
      <spirit:value spirit:format="bitString" spirit:resolve="user" spirit:id="PARAM_VALUE.seed" spirit:bitStringLength="16">0x14D2</spirit:value>
    </spirit:parameter>
    <spirit:parameter>
      <spirit:name>Component_Name</spirit:name>
      <spirit:value spirit:resolve="user" spirit:id="PARAM_VALUE.Component_Name" spirit:order="1">design_1_LFSR_0_0</spirit:value>
    </spirit:parameter>
  </spirit:parameters>
  <spirit:vendorExtensions>
    <xilinx:coreExtensions>
      <xilinx:displayName>LFSR_v1_0</xilinx:displayName>
      <xilinx:definitionSource>package_project</xilinx:definitionSource>
      <xilinx:coreRevision>4</xilinx:coreRevision>
      <xilinx:tags>
        <xilinx:tag xilinx:name="ui.data.coregen.dd@4eaba21e_ARCHIVE_LOCATION">d:/U/2025/Primer semestre/SEP/proyecto 1/IEE2463-SEP-Proyecto-Z8/Random_number/LFSR</xilinx:tag>
        <xilinx:tag xilinx:name="ui.data.coregen.dd@3e73081c_ARCHIVE_LOCATION">d:/U/2025/Primer semestre/SEP/proyecto 1/IEE2463-SEP-Proyecto-Z8/Random_number/LFSR</xilinx:tag>
        <xilinx:tag xilinx:name="ui.data.coregen.dd@64a0eb1d_ARCHIVE_LOCATION">d:/U/2025/Primer semestre/SEP/proyecto 1/IEE2463-SEP-Proyecto-Z8/Random_number/LFSR</xilinx:tag>
        <xilinx:tag xilinx:name="ui.data.coregen.dd@1d85a05_ARCHIVE_LOCATION">d:/U/2025/Primer semestre/SEP/proyecto 1/IEE2463-SEP-Proyecto-Z8/Random_number/LFSR</xilinx:tag>
        <xilinx:tag xilinx:name="ui.data.coregen.dd@2876ec57_ARCHIVE_LOCATION">d:/U/2025/Primer semestre/SEP/proyecto 1/IEE2463-SEP-Proyecto-Z8/Random_number/LFSR</xilinx:tag>
        <xilinx:tag xilinx:name="ui.data.coregen.dd@63ed68e1_ARCHIVE_LOCATION">d:/U/2025/Primer semestre/SEP/proyecto 1/IEE2463-SEP-Proyecto-Z8/Random_number/LFSR</xilinx:tag>
        <xilinx:tag xilinx:name="ui.data.coregen.dd@83444a4_ARCHIVE_LOCATION">d:/U/2025/Primer semestre/SEP/proyecto 1/IEE2463-SEP-Proyecto-Z8/Random_number/LFSR</xilinx:tag>
        <xilinx:tag xilinx:name="ui.data.coregen.dd@70bbb108_ARCHIVE_LOCATION">d:/U/2025/Primer semestre/SEP/proyecto 1/IEE2463-SEP-Proyecto-Z8/Random_number/LFSR</xilinx:tag>
        <xilinx:tag xilinx:name="ui.data.coregen.dd@633573bf_ARCHIVE_LOCATION">d:/U/2025/Primer semestre/SEP/proyecto 1/IEE2463-SEP-Proyecto-Z8/Random_number/LFSR</xilinx:tag>
        <xilinx:tag xilinx:name="ui.data.coregen.dd@704bdfd6_ARCHIVE_LOCATION">d:/U/2025/Primer semestre/SEP/proyecto 1/IEE2463-SEP-Proyecto-Z8/Random_number/LFSR</xilinx:tag>
        <xilinx:tag xilinx:name="ui.data.coregen.dd@406a4470_ARCHIVE_LOCATION">d:/U/2025/Primer semestre/SEP/proyecto 1/IEE2463-SEP-Proyecto-Z8/Random_number/LFSR</xilinx:tag>
        <xilinx:tag xilinx:name="ui.data.coregen.dd@676f5476_ARCHIVE_LOCATION">d:/U/2025/Primer semestre/SEP/proyecto 1/IEE2463-SEP-Proyecto-Z8/Random_number/LFSR</xilinx:tag>
        <xilinx:tag xilinx:name="ui.data.coregen.dd@39a6c89b_ARCHIVE_LOCATION">d:/U/2025/Primer semestre/SEP/proyecto 1/IEE2463-SEP-Proyecto-Z8/Random_number/LFSR</xilinx:tag>
        <xilinx:tag xilinx:name="ui.data.coregen.dd@238ed0e8_ARCHIVE_LOCATION">d:/U/2025/Primer semestre/SEP/proyecto 1/IEE2463-SEP-Proyecto-Z8/Random_number/LFSR</xilinx:tag>
        <xilinx:tag xilinx:name="ui.data.coregen.dd@775d4040_ARCHIVE_LOCATION">d:/U/2025/Primer semestre/SEP/proyecto 1/IEE2463-SEP-Proyecto-Z8/Random_number/LFSR</xilinx:tag>
        <xilinx:tag xilinx:name="ui.data.coregen.dd@4191c8a6_ARCHIVE_LOCATION">d:/U/2025/Primer semestre/SEP/proyecto 1/IEE2463-SEP-Proyecto-Z8/Random_number/LFSR</xilinx:tag>
        <xilinx:tag xilinx:name="ui.data.coregen.dd@26050a03_ARCHIVE_LOCATION">d:/U/2025/Primer semestre/SEP/proyecto 1/IEE2463-SEP-Proyecto-Z8/Random_number/LFSR</xilinx:tag>
        <xilinx:tag xilinx:name="ui.data.coregen.dd@4ebe990c_ARCHIVE_LOCATION">d:/U/2025/Primer semestre/SEP/proyecto 1/IEE2463-SEP-Proyecto-Z8/Random_number/LFSR</xilinx:tag>
        <xilinx:tag xilinx:name="ui.data.coregen.dd@78c42320_ARCHIVE_LOCATION">d:/U/2025/Primer semestre/SEP/proyecto 1/IEE2463-SEP-Proyecto-Z8/Random_number/LFSR</xilinx:tag>
        <xilinx:tag xilinx:name="ui.data.coregen.dd@68c79010_ARCHIVE_LOCATION">d:/U/2025/Primer semestre/SEP/proyecto 1/IEE2463-SEP-Proyecto-Z8/Random_number/LFSR</xilinx:tag>
        <xilinx:tag xilinx:name="ui.data.coregen.dd@1d41bb2_ARCHIVE_LOCATION">d:/U/2025/Primer semestre/SEP/proyecto 1/IEE2463-SEP-Proyecto-Z8/Random_number/LFSR</xilinx:tag>
        <xilinx:tag xilinx:name="ui.data.coregen.dd@d4e4e93_ARCHIVE_LOCATION">d:/U/2025/Primer semestre/SEP/proyecto 1/IEE2463-SEP-Proyecto-Z8/Random_number/LFSR</xilinx:tag>
        <xilinx:tag xilinx:name="ui.data.coregen.dd@4f785885_ARCHIVE_LOCATION">d:/U/2025/Primer semestre/SEP/proyecto 1/IEE2463-SEP-Proyecto-Z8/Random_number/LFSR</xilinx:tag>
        <xilinx:tag xilinx:name="ui.data.coregen.dd@327a8f15_ARCHIVE_LOCATION">d:/U/2025/Primer semestre/SEP/proyecto 1/IEE2463-SEP-Proyecto-Z8/Random_number/LFSR</xilinx:tag>
        <xilinx:tag xilinx:name="ui.data.coregen.dd@61400a03_ARCHIVE_LOCATION">d:/U/2025/Primer semestre/SEP/proyecto 1/IEE2463-SEP-Proyecto-Z8/Random_number/LFSR</xilinx:tag>
        <xilinx:tag xilinx:name="ui.data.coregen.dd@4d62273e_ARCHIVE_LOCATION">d:/U/2025/Primer semestre/SEP/proyecto 1/IEE2463-SEP-Proyecto-Z8/Random_number/LFSR</xilinx:tag>
        <xilinx:tag xilinx:name="ui.data.coregen.dd@68d52f78_ARCHIVE_LOCATION">d:/U/2025/Primer semestre/SEP/proyecto 1/IEE2463-SEP-Proyecto-Z8/Random_number/LFSR</xilinx:tag>
        <xilinx:tag xilinx:name="ui.data.coregen.dd@716c49c8_ARCHIVE_LOCATION">d:/U/2025/Primer semestre/SEP/proyecto 1/IEE2463-SEP-Proyecto-Z8/Random_number/LFSR</xilinx:tag>
        <xilinx:tag xilinx:name="ui.data.coregen.dd@39052150_ARCHIVE_LOCATION">d:/U/2025/Primer semestre/SEP/proyecto 1/IEE2463-SEP-Proyecto-Z8/Random_number/LFSR</xilinx:tag>
        <xilinx:tag xilinx:name="ui.data.coregen.dd@3c4b8dec_ARCHIVE_LOCATION">d:/U/2025/Primer semestre/SEP/proyecto 1/IEE2463-SEP-Proyecto-Z8/Random_number/LFSR</xilinx:tag>
        <xilinx:tag xilinx:name="ui.data.coregen.dd@2c00ac8_ARCHIVE_LOCATION">d:/U/2025/Primer semestre/SEP/proyecto 1/IEE2463-SEP-Proyecto-Z8/Random_number/LFSR</xilinx:tag>
        <xilinx:tag xilinx:name="ui.data.coregen.dd@30079d59_ARCHIVE_LOCATION">d:/U/2025/Primer semestre/SEP/proyecto 1/IEE2463-SEP-Proyecto-Z8/Random_number/LFSR</xilinx:tag>
        <xilinx:tag xilinx:name="ui.data.coregen.dd@2f2696d1_ARCHIVE_LOCATION">d:/U/2025/Primer semestre/SEP/proyecto 1/IEE2463-SEP-Proyecto-Z8/Random_number/LFSR</xilinx:tag>
        <xilinx:tag xilinx:name="ui.data.coregen.dd@5dec7131_ARCHIVE_LOCATION">d:/U/2025/Primer semestre/SEP/proyecto 1/IEE2463-SEP-Proyecto-Z8/Random_number/LFSR</xilinx:tag>
        <xilinx:tag xilinx:name="ui.data.coregen.dd@4217a8e7_ARCHIVE_LOCATION">d:/U/2025/Primer semestre/SEP/proyecto 1/IEE2463-SEP-Proyecto-Z8/Random_number/LFSR</xilinx:tag>
        <xilinx:tag xilinx:name="ui.data.coregen.dd@47835661_ARCHIVE_LOCATION">d:/U/2025/Primer semestre/SEP/proyecto 1/IEE2463-SEP-Proyecto-Z8/Random_number/LFSR</xilinx:tag>
        <xilinx:tag xilinx:name="ui.data.coregen.dd@2ff949e4_ARCHIVE_LOCATION">d:/U/2025/Primer semestre/SEP/proyecto 1/IEE2463-SEP-Proyecto-Z8/Random_number/LFSR</xilinx:tag>
        <xilinx:tag xilinx:name="ui.data.coregen.dd@56833ff4_ARCHIVE_LOCATION">d:/U/2025/Primer_semestre/SEP/proyecto_1/IEE2463-SEP-Proyecto-Z8/IPCORES/LFSR</xilinx:tag>
        <xilinx:tag xilinx:name="ui.data.coregen.dd@23f757bd_ARCHIVE_LOCATION">d:/U/2025/Primer_semestre/SEP/proyecto_1/IEE2463-SEP-Proyecto-Z8/IPCORES/LFSR</xilinx:tag>
        <xilinx:tag xilinx:name="ui.data.coregen.dd@310d2196_ARCHIVE_LOCATION">d:/U/2025/Primer_semestre/SEP/proyecto_1/IEE2463-SEP-Proyecto-Z8/IPCORES/LFSR</xilinx:tag>
        <xilinx:tag xilinx:name="ui.data.coregen.dd@78177eab_ARCHIVE_LOCATION">d:/U/2025/Primer_semestre/SEP/proyecto_1/IEE2463-SEP-Proyecto-Z8/IPCORES/LFSR</xilinx:tag>
        <xilinx:tag xilinx:name="ui.data.coregen.dd@7404b159_ARCHIVE_LOCATION">d:/U/2025/Primer_semestre/SEP/proyecto_1/IEE2463-SEP-Proyecto-Z8/IPCORES/LFSR</xilinx:tag>
        <xilinx:tag xilinx:name="ui.data.coregen.dd@560a7267_ARCHIVE_LOCATION">d:/U/2025/Primer_semestre/SEP/proyecto_1/IEE2463-SEP-Proyecto-Z8/IPCORES/LFSR</xilinx:tag>
        <xilinx:tag xilinx:name="ui.data.coregen.dd@7924fef_ARCHIVE_LOCATION">d:/U/2025/Primer_semestre/SEP/proyecto_1/IEE2463-SEP-Proyecto-Z8/IPCORES/LFSR</xilinx:tag>
        <xilinx:tag xilinx:name="ui.data.coregen.dd@6e1f767b_ARCHIVE_LOCATION">d:/U/2025/Primer_semestre/SEP/proyecto_1/IEE2463-SEP-Proyecto-Z8/IPCORES/LFSR</xilinx:tag>
        <xilinx:tag xilinx:name="ui.data.coregen.dd@45ff20e2_ARCHIVE_LOCATION">d:/U/2025/Primer_semestre/SEP/proyecto_1/IEE2463-SEP-Proyecto-Z8/IPCORES/LFSR</xilinx:tag>
        <xilinx:tag xilinx:name="ui.data.coregen.dd@224cb7fb_ARCHIVE_LOCATION">d:/U/2025/Primer_semestre/SEP/proyecto_1/IEE2463-SEP-Proyecto-Z8/IPCORES/LFSR</xilinx:tag>
        <xilinx:tag xilinx:name="ui.data.coregen.dd@542e6a1c_ARCHIVE_LOCATION">d:/U/2025/Primer_semestre/SEP/proyecto_1/IEE2463-SEP-Proyecto-Z8/IPCORES/LFSR</xilinx:tag>
        <xilinx:tag xilinx:name="ui.data.coregen.dd@52bc531_ARCHIVE_LOCATION">d:/U/2025/Primer_semestre/SEP/proyecto_1/IEE2463-SEP-Proyecto-Z8/IPCORES/LFSR</xilinx:tag>
        <xilinx:tag xilinx:name="ui.data.coregen.dd@43b84d23_ARCHIVE_LOCATION">d:/U/2025/Primer_semestre/SEP/proyecto_1/IEE2463-SEP-Proyecto-Z8/IPCORES/LFSR</xilinx:tag>
        <xilinx:tag xilinx:name="ui.data.coregen.dd@10acd5c9_ARCHIVE_LOCATION">d:/U/2025/Primer_semestre/SEP/proyecto_1/IEE2463-SEP-Proyecto-Z8/IPCORES/LFSR</xilinx:tag>
        <xilinx:tag xilinx:name="ui.data.coregen.dd@48cfa5b4_ARCHIVE_LOCATION">d:/U/2025/Primer_semestre/SEP/proyecto_1/IEE2463-SEP-Proyecto-Z8/IPCORES/LFSR</xilinx:tag>
        <xilinx:tag xilinx:name="ui.data.coregen.dd@70394ecc_ARCHIVE_LOCATION">d:/U/2025/Primer_semestre/SEP/proyecto_1/IEE2463-SEP-Proyecto-Z8/IPCORES/LFSR</xilinx:tag>
        <xilinx:tag xilinx:name="ui.data.coregen.dd@ef78e12_ARCHIVE_LOCATION">d:/U/2025/Primer_semestre/SEP/proyecto_1/IEE2463-SEP-Proyecto-Z8/IPCORES/LFSR</xilinx:tag>
        <xilinx:tag xilinx:name="ui.data.coregen.dd@84e7485_ARCHIVE_LOCATION">d:/U/2025/Primer_semestre/SEP/proyecto_1/IEE2463-SEP-Proyecto-Z8/IPCORES/LFSR</xilinx:tag>
        <xilinx:tag xilinx:name="ui.data.coregen.dd@7b29ad4e_ARCHIVE_LOCATION">d:/U/2025/Primer_semestre/SEP/proyecto_1/IEE2463-SEP-Proyecto-Z8/IPCORES/LFSR</xilinx:tag>
        <xilinx:tag xilinx:name="ui.data.coregen.dd@5a59b288_ARCHIVE_LOCATION">d:/U/2025/Primer_semestre/SEP/proyecto_1/IEE2463-SEP-Proyecto-Z8/IPCORES/LFSR</xilinx:tag>
        <xilinx:tag xilinx:name="ui.data.coregen.dd@7dc59139_ARCHIVE_LOCATION">d:/U/2025/Primer_semestre/SEP/proyecto_1/IEE2463-SEP-Proyecto-Z8/IPCORES/LFSR</xilinx:tag>
        <xilinx:tag xilinx:name="ui.data.coregen.dd@416e8077_ARCHIVE_LOCATION">d:/U/2025/Primer_semestre/SEP/proyecto_1/IEE2463-SEP-Proyecto-Z8/IPCORES/LFSR</xilinx:tag>
        <xilinx:tag xilinx:name="ui.data.coregen.dd@256e558f_ARCHIVE_LOCATION">d:/U/2025/Primer_semestre/SEP/proyecto_1/IEE2463-SEP-Proyecto-Z8/IPCORES/LFSR</xilinx:tag>
      </xilinx:tags>
      <xilinx:configElementInfos>
        <xilinx:configElementInfo xilinx:referenceId="BUSIFPARAM_VALUE.CLK.ASSOCIATED_BUSIF" xilinx:valueSource="constant" xilinx:valuePermission="bd_and_user"/>
        <xilinx:configElementInfo xilinx:referenceId="BUSIFPARAM_VALUE.CLK.ASSOCIATED_RESET" xilinx:valueSource="constant" xilinx:valuePermission="bd_and_user"/>
        <xilinx:configElementInfo xilinx:referenceId="BUSIFPARAM_VALUE.CLK.CLK_DOMAIN" xilinx:valueSource="constant" xilinx:valuePermission="bd_and_user"/>
        <xilinx:configElementInfo xilinx:referenceId="BUSIFPARAM_VALUE.CLK.FREQ_HZ" xilinx:valueSource="constant" xilinx:valuePermission="bd_and_user"/>
        <xilinx:configElementInfo xilinx:referenceId="BUSIFPARAM_VALUE.CLK.FREQ_TOLERANCE_HZ" xilinx:valueSource="constant" xilinx:valuePermission="bd_and_user"/>
        <xilinx:configElementInfo xilinx:referenceId="BUSIFPARAM_VALUE.CLK.INSERT_VIP" xilinx:valueSource="constant"/>
        <xilinx:configElementInfo xilinx:referenceId="BUSIFPARAM_VALUE.CLK.PHASE" xilinx:valueSource="constant" xilinx:valuePermission="bd_and_user"/>
      </xilinx:configElementInfos>
    </xilinx:coreExtensions>
    <xilinx:packagingInfo>
      <xilinx:xilinxVersion>2020.1</xilinx:xilinxVersion>
      <xilinx:checksum xilinx:scope="busInterfaces" xilinx:value="a88d4390"/>
      <xilinx:checksum xilinx:scope="fileGroups" xilinx:value="6fd46fb1"/>
      <xilinx:checksum xilinx:scope="ports" xilinx:value="3189ca41"/>
      <xilinx:checksum xilinx:scope="hdlParameters" xilinx:value="a31925b0"/>
      <xilinx:checksum xilinx:scope="parameters" xilinx:value="c9e1044f"/>
    </xilinx:packagingInfo>
  </spirit:vendorExtensions>
</spirit:component>
