<?xml version="1.0"?>
<Runs Version="1" Minor="0">
	<Run Id="design_1_Axi_Game_math_slave_0_0_synth_1" LaunchDir="D:/proyectosep/Zybomon/Zybomon_export/Zybomon_export.runs/design_1_Axi_Game_math_slave_0_0_synth_1" FlowId="Vivado_Synthesis" FromStepId="vivado" ToStepId="vivado"/>
	<Run Id="design_1_smartconnect_0_0_synth_1" LaunchDir="D:/proyectosep/Zybomon/Zybomon_export/Zybomon_export.runs/design_1_smartconnect_0_0_synth_1" FlowId="Vivado_Synthesis" FromStepId="vivado" ToStepId="vivado"/>
	<Run Id="design_1_axi_smc_0_synth_1" LaunchDir="D:/proyectosep/Zybomon/Zybomon_export/Zybomon_export.runs/design_1_axi_smc_0_synth_1" FlowId="Vivado_Synthesis" FromStepId="vivado" ToStepId="vivado"/>
	<Run Id="design_1_mon_generator_0_0_synth_1" LaunchDir="D:/proyectosep/Zybomon/Zybomon_export/Zybomon_export.runs/design_1_mon_generator_0_0_synth_1" FlowId="Vivado_Synthesis" FromStepId="vivado" ToStepId="vivado"/>
	<Run Id="design_1_b_handler_0_2_synth_1" LaunchDir="D:/proyectosep/Zybomon/Zybomon_export/Zybomon_export.runs/design_1_b_handler_0_2_synth_1" FlowId="Vivado_Synthesis" FromStepId="vivado" ToStepId="vivado"/>
	<Run Id="design_1_b_handler_1_0_synth_1" LaunchDir="D:/proyectosep/Zybomon/Zybomon_export/Zybomon_export.runs/design_1_b_handler_1_0_synth_1" FlowId="Vivado_Synthesis" FromStepId="vivado" ToStepId="vivado"/>
	<Run Id="design_1_Led_handler_slave_0_0_synth_1" LaunchDir="D:/proyectosep/Zybomon/Zybomon_export/Zybomon_export.runs/design_1_Led_handler_slave_0_0_synth_1" FlowId="Vivado_Synthesis" FromStepId="vivado" ToStepId="vivado"/>
	<Run Id="design_1_b_handler_0_0_synth_1" LaunchDir="D:/proyectosep/Zybomon/Zybomon_export/Zybomon_export.runs/design_1_b_handler_0_0_synth_1" FlowId="Vivado_Synthesis" FromStepId="vivado" ToStepId="vivado" IsOrderedIPRun="true">
		<Parent Id="design_1_b_handler_1_0_synth_1"/>
	</Run>
	<Run Id="design_1_ram_controler_v2_0_0_synth_1" LaunchDir="D:/proyectosep/Zybomon/Zybomon_export/Zybomon_export.runs/design_1_ram_controler_v2_0_0_synth_1" FlowId="Vivado_Synthesis" FromStepId="vivado" ToStepId="vivado"/>
	<Run Id="design_1_b_handler_1_1_synth_1" LaunchDir="D:/proyectosep/Zybomon/Zybomon_export/Zybomon_export.runs/design_1_b_handler_1_1_synth_1" FlowId="Vivado_Synthesis" FromStepId="vivado" ToStepId="vivado" IsOrderedIPRun="true">
		<Parent Id="design_1_b_handler_1_0_synth_1"/>
	</Run>
	<Run Id="design_1_main_menu_0_0_synth_1" LaunchDir="D:/proyectosep/Zybomon/Zybomon_export/Zybomon_export.runs/design_1_main_menu_0_0_synth_1" FlowId="Vivado_Synthesis" FromStepId="vivado" ToStepId="vivado"/>
	<Run Id="design_1_b_handler_0_1_synth_1" LaunchDir="D:/proyectosep/Zybomon/Zybomon_export/Zybomon_export.runs/design_1_b_handler_0_1_synth_1" FlowId="Vivado_Synthesis" FromStepId="vivado" ToStepId="vivado" IsOrderedIPRun="true">
		<Parent Id="design_1_b_handler_1_0_synth_1"/>
	</Run>
	<Run Id="design_1_LFSR_0_0_synth_1" LaunchDir="D:/proyectosep/Zybomon/Zybomon_export/Zybomon_export.runs/design_1_LFSR_0_0_synth_1" FlowId="Vivado_Synthesis" FromStepId="vivado" ToStepId="vivado"/>
	<Run Id="design_1_b_handler_0_3_synth_1" LaunchDir="D:/proyectosep/Zybomon/Zybomon_export/Zybomon_export.runs/design_1_b_handler_0_3_synth_1" FlowId="Vivado_Synthesis" FromStepId="vivado" ToStepId="vivado" IsOrderedIPRun="true">
		<Parent Id="design_1_b_handler_0_2_synth_1"/>
	</Run>
	<Run Id="synth_1" LaunchDir="D:/proyectosep/Zybomon/Zybomon_export/Zybomon_export.runs/synth_1" FlowId="Vivado_Synthesis" FromStepId="vivado" ToStepId="vivado">
		<Parent Id="design_1_Axi_Game_math_slave_0_0_synth_1"/>
		<Parent Id="design_1_smartconnect_0_0_synth_1"/>
		<Parent Id="design_1_axi_smc_0_synth_1"/>
		<Parent Id="design_1_mon_generator_0_0_synth_1"/>
		<Parent Id="design_1_b_handler_0_2_synth_1"/>
		<Parent Id="design_1_b_handler_1_0_synth_1"/>
		<Parent Id="design_1_Led_handler_slave_0_0_synth_1"/>
		<Parent Id="design_1_b_handler_0_0_synth_1"/>
		<Parent Id="design_1_ram_controler_v2_0_0_synth_1"/>
		<Parent Id="design_1_b_handler_1_1_synth_1"/>
		<Parent Id="design_1_main_menu_0_0_synth_1"/>
		<Parent Id="design_1_b_handler_0_1_synth_1"/>
		<Parent Id="design_1_LFSR_0_0_synth_1"/>
		<Parent Id="design_1_b_handler_0_3_synth_1"/>
	</Run>
	<Run Id="impl_1" LaunchDir="D:/proyectosep/Zybomon/Zybomon_export/Zybomon_export.runs/impl_1" FlowId="Vivado_Implementation" FromStepId="init_design" ToStepId="write_bitstream">
		<Parent Id="synth_1"/>
		<Parent Id="design_1_Axi_Game_math_slave_0_0_synth_1"/>
		<Parent Id="design_1_smartconnect_0_0_synth_1"/>
		<Parent Id="design_1_axi_smc_0_synth_1"/>
		<Parent Id="design_1_mon_generator_0_0_synth_1"/>
		<Parent Id="design_1_b_handler_0_2_synth_1"/>
		<Parent Id="design_1_b_handler_1_0_synth_1"/>
		<Parent Id="design_1_Led_handler_slave_0_0_synth_1"/>
		<Parent Id="design_1_b_handler_0_0_synth_1"/>
		<Parent Id="design_1_ram_controler_v2_0_0_synth_1"/>
		<Parent Id="design_1_b_handler_1_1_synth_1"/>
		<Parent Id="design_1_main_menu_0_0_synth_1"/>
		<Parent Id="design_1_b_handler_0_1_synth_1"/>
		<Parent Id="design_1_LFSR_0_0_synth_1"/>
		<Parent Id="design_1_b_handler_0_3_synth_1"/>
	</Run>
	<Parameters>
		<Parameter Name="runs.monitorLSFJobs" Val="true" Type="bool"/>
		<Parameter Name="runs.enableClusterConf" Val="true" Type="bool"/>
	</Parameters>
</Runs>

