<?xml version="1.0" encoding="UTF-8"?>
<spirit:component xmlns:xilinx="http://www.xilinx.com" xmlns:spirit="http://www.spiritconsortium.org/XMLSchema/SPIRIT/1685-2009" xmlns:xsi="http://www.w3.org/2001/XMLSchema-instance">
  <spirit:vendor>xilinx.com</spirit:vendor>
  <spirit:library>customized_ip</spirit:library>
  <spirit:name>design_1_b_handler_0_2</spirit:name>
  <spirit:version>1.0</spirit:version>
  <spirit:busInterfaces>
    <spirit:busInterface>
      <spirit:name>clk</spirit:name>
      <spirit:busType spirit:vendor="xilinx.com" spirit:library="signal" spirit:name="clock" spirit:version="1.0"/>
      <spirit:abstractionType spirit:vendor="xilinx.com" spirit:library="signal" spirit:name="clock_rtl" spirit:version="1.0"/>
      <spirit:slave/>
      <spirit:portMaps>
        <spirit:portMap>
          <spirit:logicalPort>
            <spirit:name>CLK</spirit:name>
          </spirit:logicalPort>
          <spirit:physicalPort>
            <spirit:name>clk</spirit:name>
          </spirit:physicalPort>
        </spirit:portMap>
      </spirit:portMaps>
      <spirit:parameters>
        <spirit:parameter>
          <spirit:name>FREQ_HZ</spirit:name>
          <spirit:value spirit:format="long" spirit:resolve="generated" spirit:id="BUSIFPARAM_VALUE.CLK.FREQ_HZ">100000000</spirit:value>
          <spirit:vendorExtensions>
            <xilinx:parameterInfo>
              <xilinx:parameterUsage>none</xilinx:parameterUsage>
            </xilinx:parameterInfo>
          </spirit:vendorExtensions>
        </spirit:parameter>
        <spirit:parameter>
          <spirit:name>FREQ_TOLERANCE_HZ</spirit:name>
          <spirit:value spirit:format="long" spirit:resolve="generated" spirit:id="BUSIFPARAM_VALUE.CLK.FREQ_TOLERANCE_HZ">0</spirit:value>
          <spirit:vendorExtensions>
            <xilinx:parameterInfo>
              <xilinx:parameterUsage>none</xilinx:parameterUsage>
            </xilinx:parameterInfo>
          </spirit:vendorExtensions>
        </spirit:parameter>
        <spirit:parameter>
          <spirit:name>PHASE</spirit:name>
          <spirit:value spirit:format="float" spirit:resolve="generated" spirit:id="BUSIFPARAM_VALUE.CLK.PHASE">0.000</spirit:value>
          <spirit:vendorExtensions>
            <xilinx:parameterInfo>
              <xilinx:parameterUsage>none</xilinx:parameterUsage>
            </xilinx:parameterInfo>
          </spirit:vendorExtensions>
        </spirit:parameter>
        <spirit:parameter>
          <spirit:name>CLK_DOMAIN</spirit:name>
          <spirit:value spirit:resolve="generated" spirit:id="BUSIFPARAM_VALUE.CLK.CLK_DOMAIN"/>
          <spirit:vendorExtensions>
            <xilinx:parameterInfo>
              <xilinx:parameterUsage>none</xilinx:parameterUsage>
            </xilinx:parameterInfo>
          </spirit:vendorExtensions>
        </spirit:parameter>
        <spirit:parameter>
          <spirit:name>ASSOCIATED_BUSIF</spirit:name>
          <spirit:value spirit:resolve="generated" spirit:id="BUSIFPARAM_VALUE.CLK.ASSOCIATED_BUSIF"/>
          <spirit:vendorExtensions>
            <xilinx:parameterInfo>
              <xilinx:parameterUsage>none</xilinx:parameterUsage>
            </xilinx:parameterInfo>
          </spirit:vendorExtensions>
        </spirit:parameter>
        <spirit:parameter>
          <spirit:name>ASSOCIATED_RESET</spirit:name>
          <spirit:value spirit:resolve="generated" spirit:id="BUSIFPARAM_VALUE.CLK.ASSOCIATED_RESET"/>
          <spirit:vendorExtensions>
            <xilinx:parameterInfo>
              <xilinx:parameterUsage>none</xilinx:parameterUsage>
            </xilinx:parameterInfo>
          </spirit:vendorExtensions>
        </spirit:parameter>
        <spirit:parameter>
          <spirit:name>INSERT_VIP</spirit:name>
          <spirit:value spirit:format="long" spirit:resolve="user" spirit:id="BUSIFPARAM_VALUE.CLK.INSERT_VIP">0</spirit:value>
          <spirit:vendorExtensions>
            <xilinx:parameterInfo>
              <xilinx:parameterUsage>simulation.rtl</xilinx:parameterUsage>
            </xilinx:parameterInfo>
          </spirit:vendorExtensions>
        </spirit:parameter>
      </spirit:parameters>
    </spirit:busInterface>
  </spirit:busInterfaces>
  <spirit:model>
    <spirit:views>
      <spirit:view>
        <spirit:name>xilinx_anylanguagesynthesis</spirit:name>
        <spirit:displayName>Synthesis</spirit:displayName>
        <spirit:envIdentifier>:vivado.xilinx.com:synthesis</spirit:envIdentifier>
        <spirit:modelName>b_handler</spirit:modelName>
        <spirit:fileSetRef>
          <spirit:localName>xilinx_anylanguagesynthesis_view_fileset</spirit:localName>
        </spirit:fileSetRef>
        <spirit:parameters>
          <spirit:parameter>
            <spirit:name>GENtimestamp</spirit:name>
            <spirit:value>Thu May 08 18:46:27 UTC 2025</spirit:value>
          </spirit:parameter>
          <spirit:parameter>
            <spirit:name>outputProductCRC</spirit:name>
            <spirit:value>9:874344f3</spirit:value>
          </spirit:parameter>
        </spirit:parameters>
      </spirit:view>
      <spirit:view>
        <spirit:name>xilinx_synthesisconstraints</spirit:name>
        <spirit:displayName>Synthesis Constraints</spirit:displayName>
        <spirit:envIdentifier>:vivado.xilinx.com:synthesis.constraints</spirit:envIdentifier>
        <spirit:parameters>
          <spirit:parameter>
            <spirit:name>outputProductCRC</spirit:name>
            <spirit:value>9:874344f3</spirit:value>
          </spirit:parameter>
        </spirit:parameters>
      </spirit:view>
      <spirit:view>
        <spirit:name>xilinx_vhdlsynthesiswrapper</spirit:name>
        <spirit:displayName>VHDL Synthesis Wrapper</spirit:displayName>
        <spirit:envIdentifier>vhdlSource:vivado.xilinx.com:synthesis.wrapper</spirit:envIdentifier>
        <spirit:language>vhdl</spirit:language>
        <spirit:modelName>design_1_b_handler_0_2</spirit:modelName>
        <spirit:fileSetRef>
          <spirit:localName>xilinx_vhdlsynthesiswrapper_view_fileset</spirit:localName>
        </spirit:fileSetRef>
        <spirit:parameters>
          <spirit:parameter>
            <spirit:name>GENtimestamp</spirit:name>
            <spirit:value>Thu May 08 18:46:27 UTC 2025</spirit:value>
          </spirit:parameter>
          <spirit:parameter>
            <spirit:name>outputProductCRC</spirit:name>
            <spirit:value>9:874344f3</spirit:value>
          </spirit:parameter>
        </spirit:parameters>
      </spirit:view>
      <spirit:view>
        <spirit:name>xilinx_anylanguagebehavioralsimulation</spirit:name>
        <spirit:displayName>Simulation</spirit:displayName>
        <spirit:envIdentifier>:vivado.xilinx.com:simulation</spirit:envIdentifier>
        <spirit:modelName>b_handler</spirit:modelName>
        <spirit:fileSetRef>
          <spirit:localName>xilinx_anylanguagebehavioralsimulation_view_fileset</spirit:localName>
        </spirit:fileSetRef>
        <spirit:parameters>
          <spirit:parameter>
            <spirit:name>GENtimestamp</spirit:name>
            <spirit:value>Thu May 08 18:46:27 UTC 2025</spirit:value>
          </spirit:parameter>
          <spirit:parameter>
            <spirit:name>outputProductCRC</spirit:name>
            <spirit:value>9:805b9fc6</spirit:value>
          </spirit:parameter>
        </spirit:parameters>
      </spirit:view>
      <spirit:view>
        <spirit:name>xilinx_vhdlsimulationwrapper</spirit:name>
        <spirit:displayName>VHDL Simulation Wrapper</spirit:displayName>
        <spirit:envIdentifier>vhdlSource:vivado.xilinx.com:simulation.wrapper</spirit:envIdentifier>
        <spirit:language>vhdl</spirit:language>
        <spirit:modelName>design_1_b_handler_0_2</spirit:modelName>
        <spirit:fileSetRef>
          <spirit:localName>xilinx_vhdlsimulationwrapper_view_fileset</spirit:localName>
        </spirit:fileSetRef>
        <spirit:parameters>
          <spirit:parameter>
            <spirit:name>GENtimestamp</spirit:name>
            <spirit:value>Thu May 08 18:46:27 UTC 2025</spirit:value>
          </spirit:parameter>
          <spirit:parameter>
            <spirit:name>outputProductCRC</spirit:name>
            <spirit:value>9:805b9fc6</spirit:value>
          </spirit:parameter>
        </spirit:parameters>
      </spirit:view>
      <spirit:view>
        <spirit:name>xilinx_externalfiles</spirit:name>
        <spirit:displayName>External Files</spirit:displayName>
        <spirit:envIdentifier>:vivado.xilinx.com:external.files</spirit:envIdentifier>
        <spirit:fileSetRef>
          <spirit:localName>xilinx_externalfiles_view_fileset</spirit:localName>
        </spirit:fileSetRef>
        <spirit:parameters>
          <spirit:parameter>
            <spirit:name>GENtimestamp</spirit:name>
            <spirit:value>Thu May 08 18:47:08 UTC 2025</spirit:value>
          </spirit:parameter>
          <spirit:parameter>
            <spirit:name>outputProductCRC</spirit:name>
            <spirit:value>9:874344f3</spirit:value>
          </spirit:parameter>
        </spirit:parameters>
      </spirit:view>
    </spirit:views>
    <spirit:ports>
      <spirit:port>
        <spirit:name>btn</spirit:name>
        <spirit:wire>
          <spirit:direction>in</spirit:direction>
          <spirit:wireTypeDefs>
            <spirit:wireTypeDef>
              <spirit:typeName>std_logic</spirit:typeName>
              <spirit:viewNameRef>xilinx_anylanguagesynthesis</spirit:viewNameRef>
              <spirit:viewNameRef>xilinx_anylanguagebehavioralsimulation</spirit:viewNameRef>
            </spirit:wireTypeDef>
          </spirit:wireTypeDefs>
        </spirit:wire>
      </spirit:port>
      <spirit:port>
        <spirit:name>clk</spirit:name>
        <spirit:wire>
          <spirit:direction>in</spirit:direction>
          <spirit:wireTypeDefs>
            <spirit:wireTypeDef>
              <spirit:typeName>std_logic</spirit:typeName>
              <spirit:viewNameRef>xilinx_anylanguagesynthesis</spirit:viewNameRef>
              <spirit:viewNameRef>xilinx_anylanguagebehavioralsimulation</spirit:viewNameRef>
            </spirit:wireTypeDef>
          </spirit:wireTypeDefs>
        </spirit:wire>
      </spirit:port>
      <spirit:port>
        <spirit:name>press</spirit:name>
        <spirit:wire>
          <spirit:direction>out</spirit:direction>
          <spirit:wireTypeDefs>
            <spirit:wireTypeDef>
              <spirit:typeName>std_logic</spirit:typeName>
              <spirit:viewNameRef>xilinx_anylanguagesynthesis</spirit:viewNameRef>
              <spirit:viewNameRef>xilinx_anylanguagebehavioralsimulation</spirit:viewNameRef>
            </spirit:wireTypeDef>
          </spirit:wireTypeDefs>
        </spirit:wire>
      </spirit:port>
    </spirit:ports>
    <spirit:modelParameters>
      <spirit:modelParameter xsi:type="spirit:nameValueTypeType" spirit:dataType="integer">
        <spirit:name>delay_count</spirit:name>
        <spirit:displayName>Delay Count</spirit:displayName>
        <spirit:value spirit:format="long" spirit:resolve="generated" spirit:id="MODELPARAM_VALUE.delay_count">1000000</spirit:value>
      </spirit:modelParameter>
    </spirit:modelParameters>
  </spirit:model>
  <spirit:fileSets>
    <spirit:fileSet>
      <spirit:name>xilinx_anylanguagesynthesis_view_fileset</spirit:name>
      <spirit:file>
        <spirit:name>../../ipshared/4d44/src/button_handler.vhd</spirit:name>
        <spirit:fileType>vhdlSource</spirit:fileType>
      </spirit:file>
    </spirit:fileSet>
    <spirit:fileSet>
      <spirit:name>xilinx_vhdlsynthesiswrapper_view_fileset</spirit:name>
      <spirit:file>
        <spirit:name>synth/design_1_b_handler_0_2.vhd</spirit:name>
        <spirit:fileType>vhdlSource</spirit:fileType>
        <spirit:logicalName>xil_defaultlib</spirit:logicalName>
      </spirit:file>
    </spirit:fileSet>
    <spirit:fileSet>
      <spirit:name>xilinx_anylanguagebehavioralsimulation_view_fileset</spirit:name>
      <spirit:file>
        <spirit:name>../../ipshared/4d44/src/button_handler.vhd</spirit:name>
        <spirit:fileType>vhdlSource</spirit:fileType>
      </spirit:file>
    </spirit:fileSet>
    <spirit:fileSet>
      <spirit:name>xilinx_vhdlsimulationwrapper_view_fileset</spirit:name>
      <spirit:file>
        <spirit:name>sim/design_1_b_handler_0_2.vhd</spirit:name>
        <spirit:fileType>vhdlSource</spirit:fileType>
        <spirit:logicalName>xil_defaultlib</spirit:logicalName>
      </spirit:file>
    </spirit:fileSet>
    <spirit:fileSet>
      <spirit:name>xilinx_externalfiles_view_fileset</spirit:name>
      <spirit:file>
        <spirit:name>design_1_b_handler_0_2.dcp</spirit:name>
        <spirit:userFileType>dcp</spirit:userFileType>
        <spirit:userFileType>USED_IN_implementation</spirit:userFileType>
        <spirit:userFileType>USED_IN_synthesis</spirit:userFileType>
        <spirit:logicalName>xil_defaultlib</spirit:logicalName>
      </spirit:file>
      <spirit:file>
        <spirit:name>design_1_b_handler_0_2_stub.v</spirit:name>
        <spirit:fileType>verilogSource</spirit:fileType>
        <spirit:userFileType>USED_IN_synth_blackbox_stub</spirit:userFileType>
        <spirit:logicalName>xil_defaultlib</spirit:logicalName>
      </spirit:file>
      <spirit:file>
        <spirit:name>design_1_b_handler_0_2_stub.vhdl</spirit:name>
        <spirit:fileType>vhdlSource</spirit:fileType>
        <spirit:userFileType>USED_IN_synth_blackbox_stub</spirit:userFileType>
        <spirit:logicalName>xil_defaultlib</spirit:logicalName>
      </spirit:file>
      <spirit:file>
        <spirit:name>design_1_b_handler_0_2_sim_netlist.v</spirit:name>
        <spirit:fileType>verilogSource</spirit:fileType>
        <spirit:userFileType>USED_IN_simulation</spirit:userFileType>
        <spirit:userFileType>USED_IN_single_language</spirit:userFileType>
        <spirit:logicalName>xil_defaultlib</spirit:logicalName>
      </spirit:file>
      <spirit:file>
        <spirit:name>design_1_b_handler_0_2_sim_netlist.vhdl</spirit:name>
        <spirit:fileType>vhdlSource</spirit:fileType>
        <spirit:userFileType>USED_IN_simulation</spirit:userFileType>
        <spirit:userFileType>USED_IN_single_language</spirit:userFileType>
        <spirit:logicalName>xil_defaultlib</spirit:logicalName>
      </spirit:file>
    </spirit:fileSet>
  </spirit:fileSets>
  <spirit:description>b_handler_v1_0</spirit:description>
  <spirit:parameters>
    <spirit:parameter>
      <spirit:name>delay_count</spirit:name>
      <spirit:displayName>Delay Count</spirit:displayName>
      <spirit:value spirit:format="long" spirit:resolve="user" spirit:id="PARAM_VALUE.delay_count" spirit:minimum="0" spirit:maximum="33554431" spirit:rangeType="long">1000000</spirit:value>
    </spirit:parameter>
    <spirit:parameter>
      <spirit:name>Component_Name</spirit:name>
      <spirit:value spirit:resolve="user" spirit:id="PARAM_VALUE.Component_Name" spirit:order="1">design_1_b_handler_0_2</spirit:value>
    </spirit:parameter>
  </spirit:parameters>
  <spirit:vendorExtensions>
    <xilinx:coreExtensions>
      <xilinx:displayName>b_handler_v1_0</xilinx:displayName>
      <xilinx:definitionSource>package_project</xilinx:definitionSource>
      <xilinx:coreRevision>7</xilinx:coreRevision>
      <xilinx:tags>
        <xilinx:tag xilinx:name="ui.data.coregen.dd@3fcd32dd_ARCHIVE_LOCATION">d:/U/2025/Primer semestre/SEP/proyecto 1/IEE2463-SEP-Proyecto-Z8/IPCORES/debouncer</xilinx:tag>
        <xilinx:tag xilinx:name="ui.data.coregen.dd@77140ae5_ARCHIVE_LOCATION">d:/U/2025/Primer semestre/SEP/proyecto 1/IEE2463-SEP-Proyecto-Z8/IPCORES/debouncer</xilinx:tag>
        <xilinx:tag xilinx:name="ui.data.coregen.dd@222a6d21_ARCHIVE_LOCATION">d:/U/2025/Primer semestre/SEP/proyecto 1/IEE2463-SEP-Proyecto-Z8/IPCORES/debouncer</xilinx:tag>
        <xilinx:tag xilinx:name="ui.data.coregen.dd@3fed7c5a_ARCHIVE_LOCATION">d:/U/2025/Primer semestre/SEP/proyecto 1/IEE2463-SEP-Proyecto-Z8/IPCORES/debouncer</xilinx:tag>
        <xilinx:tag xilinx:name="ui.data.coregen.dd@55676396_ARCHIVE_LOCATION">d:/U/2025/Primer semestre/SEP/proyecto 1/IEE2463-SEP-Proyecto-Z8/IPCORES/debouncer</xilinx:tag>
        <xilinx:tag xilinx:name="ui.data.coregen.dd@7c4e9cc0_ARCHIVE_LOCATION">d:/U/2025/Primer_semestre/SEP/proyecto_1/IEE2463-SEP-Proyecto-Z8/IPCORES/debouncer</xilinx:tag>
        <xilinx:tag xilinx:name="ui.data.coregen.dd@455aede7_ARCHIVE_LOCATION">d:/U/2025/Primer_semestre/SEP/proyecto_1/IEE2463-SEP-Proyecto-Z8/IPCORES/debouncer</xilinx:tag>
        <xilinx:tag xilinx:name="ui.data.coregen.dd@1684151_ARCHIVE_LOCATION">d:/U/2025/Primer_semestre/SEP/proyecto_1/IEE2463-SEP-Proyecto-Z8/IPCORES/debouncer</xilinx:tag>
        <xilinx:tag xilinx:name="ui.data.coregen.dd@4e966b8e_ARCHIVE_LOCATION">d:/U/2025/Primer_semestre/SEP/proyecto_1/IEE2463-SEP-Proyecto-Z8/IPCORES/debouncer</xilinx:tag>
        <xilinx:tag xilinx:name="ui.data.coregen.dd@43dedbcb_ARCHIVE_LOCATION">d:/U/2025/Primer_semestre/SEP/proyecto_1/IEE2463-SEP-Proyecto-Z8/IPCORES/debouncer</xilinx:tag>
        <xilinx:tag xilinx:name="ui.data.coregen.dd@593100e3_ARCHIVE_LOCATION">d:/U/2025/Primer_semestre/SEP/proyecto_1/IEE2463-SEP-Proyecto-Z8/IPCORES/debouncer</xilinx:tag>
        <xilinx:tag xilinx:name="ui.data.coregen.dd@76b062c1_ARCHIVE_LOCATION">d:/U/2025/Primer_semestre/SEP/proyecto_1/IEE2463-SEP-Proyecto-Z8/IPCORES/debouncer</xilinx:tag>
        <xilinx:tag xilinx:name="ui.data.coregen.dd@2c20e5ce_ARCHIVE_LOCATION">d:/U/2025/Primer_semestre/SEP/proyecto_1/IEE2463-SEP-Proyecto-Z8/IPCORES/debouncer</xilinx:tag>
        <xilinx:tag xilinx:name="ui.data.coregen.dd@3a897d36_ARCHIVE_LOCATION">d:/U/2025/Primer_semestre/SEP/proyecto_1/IEE2463-SEP-Proyecto-Z8/IPCORES/debouncer</xilinx:tag>
        <xilinx:tag xilinx:name="ui.data.coregen.dd@9b5dea6_ARCHIVE_LOCATION">d:/U/2025/Primer_semestre/SEP/proyecto_1/IEE2463-SEP-Proyecto-Z8/IPCORES/debouncer</xilinx:tag>
        <xilinx:tag xilinx:name="ui.data.coregen.dd@5f44afd1_ARCHIVE_LOCATION">d:/U/2025/Primer_semestre/SEP/proyecto_1/IEE2463-SEP-Proyecto-Z8/IPCORES/debouncer</xilinx:tag>
        <xilinx:tag xilinx:name="ui.data.coregen.dd@1e2d4a6e_ARCHIVE_LOCATION">d:/U/2025/Primer_semestre/SEP/proyecto_1/IEE2463-SEP-Proyecto-Z8/IPCORES/debouncer</xilinx:tag>
        <xilinx:tag xilinx:name="ui.data.coregen.dd@516deac4_ARCHIVE_LOCATION">d:/U/2025/Primer_semestre/SEP/proyecto_1/IEE2463-SEP-Proyecto-Z8/IPCORES/debouncer</xilinx:tag>
        <xilinx:tag xilinx:name="ui.data.coregen.dd@542541e0_ARCHIVE_LOCATION">d:/U/2025/Primer_semestre/SEP/proyecto_1/IEE2463-SEP-Proyecto-Z8/IPCORES/debouncer</xilinx:tag>
        <xilinx:tag xilinx:name="ui.data.coregen.dd@db9ab49_ARCHIVE_LOCATION">d:/U/2025/Primer_semestre/SEP/proyecto_1/IEE2463-SEP-Proyecto-Z8/IPCORES/debouncer</xilinx:tag>
        <xilinx:tag xilinx:name="ui.data.coregen.dd@2e3b2692_ARCHIVE_LOCATION">d:/U/2025/Primer_semestre/SEP/proyecto_1/IEE2463-SEP-Proyecto-Z8/IPCORES/debouncer</xilinx:tag>
        <xilinx:tag xilinx:name="ui.data.coregen.dd@4cd80f97_ARCHIVE_LOCATION">d:/U/2025/Primer_semestre/SEP/proyecto_1/IEE2463-SEP-Proyecto-Z8/IPCORES/debouncer</xilinx:tag>
        <xilinx:tag xilinx:name="ui.data.coregen.dd@227fcc53_ARCHIVE_LOCATION">d:/U/2025/Primer_semestre/SEP/proyecto_1/IEE2463-SEP-Proyecto-Z8/IPCORES/debouncer</xilinx:tag>
        <xilinx:tag xilinx:name="ui.data.coregen.dd@3e936c47_ARCHIVE_LOCATION">d:/U/2025/Primer_semestre/SEP/proyecto_1/IEE2463-SEP-Proyecto-Z8/IPCORES/debouncer</xilinx:tag>
        <xilinx:tag xilinx:name="ui.data.coregen.dd@121446ee_ARCHIVE_LOCATION">d:/U/2025/Primer_semestre/SEP/proyecto_1/IEE2463-SEP-Proyecto-Z8/IPCORES/debouncer</xilinx:tag>
        <xilinx:tag xilinx:name="ui.data.coregen.dd@99ddbb7_ARCHIVE_LOCATION">d:/U/2025/Primer_semestre/SEP/proyecto_1/IEE2463-SEP-Proyecto-Z8/IPCORES/debouncer</xilinx:tag>
        <xilinx:tag xilinx:name="ui.data.coregen.dd@4699cb8_ARCHIVE_LOCATION">d:/U/2025/Primer_semestre/SEP/proyecto_1/IEE2463-SEP-Proyecto-Z8/IPCORES/debouncer</xilinx:tag>
        <xilinx:tag xilinx:name="ui.data.coregen.dd@65e2119c_ARCHIVE_LOCATION">d:/U/2025/Primer_semestre/SEP/proyecto_1/IEE2463-SEP-Proyecto-Z8/IPCORES/debouncer</xilinx:tag>
        <xilinx:tag xilinx:name="ui.data.coregen.dd@1d0ffa7a_ARCHIVE_LOCATION">d:/U/2025/Primer_semestre/SEP/proyecto_1/IEE2463-SEP-Proyecto-Z8/IPCORES/debouncer</xilinx:tag>
        <xilinx:tag xilinx:name="ui.data.coregen.dd@9367e5e_ARCHIVE_LOCATION">d:/U/2025/Primer_semestre/SEP/proyecto_1/IEE2463-SEP-Proyecto-Z8/IPCORES/debouncer</xilinx:tag>
        <xilinx:tag xilinx:name="ui.data.coregen.dd@4179fe1f_ARCHIVE_LOCATION">d:/U/2025/Primer_semestre/SEP/proyecto_1/IEE2463-SEP-Proyecto-Z8/IPCORES/debouncer</xilinx:tag>
        <xilinx:tag xilinx:name="ui.data.coregen.dd@5d642980_ARCHIVE_LOCATION">d:/U/2025/Primer_semestre/SEP/proyecto_1/IEE2463-SEP-Proyecto-Z8/IPCORES/debouncer</xilinx:tag>
        <xilinx:tag xilinx:name="ui.data.coregen.dd@368d4c25_ARCHIVE_LOCATION">d:/U/2025/Primer_semestre/SEP/proyecto_1/IEE2463-SEP-Proyecto-Z8/IPCORES/debouncer</xilinx:tag>
        <xilinx:tag xilinx:name="ui.data.coregen.dd@28da2b7a_ARCHIVE_LOCATION">d:/U/2025/Primer_semestre/SEP/proyecto_1/IEE2463-SEP-Proyecto-Z8/IPCORES/debouncer</xilinx:tag>
        <xilinx:tag xilinx:name="ui.data.coregen.dd@1c0e554b_ARCHIVE_LOCATION">d:/U/2025/Primer_semestre/SEP/proyecto_1/IEE2463-SEP-Proyecto-Z8/IPCORES/debouncer</xilinx:tag>
        <xilinx:tag xilinx:name="ui.data.coregen.dd@55118b96_ARCHIVE_LOCATION">d:/U/2025/Primer_semestre/SEP/proyecto_1/IEE2463-SEP-Proyecto-Z8/IPCORES/debouncer</xilinx:tag>
        <xilinx:tag xilinx:name="ui.data.coregen.dd@6a0be010_ARCHIVE_LOCATION">d:/U/2025/Primer_semestre/SEP/proyecto_1/IEE2463-SEP-Proyecto-Z8/IPCORES/debouncer</xilinx:tag>
        <xilinx:tag xilinx:name="ui.data.coregen.dd@6311f8ae_ARCHIVE_LOCATION">d:/U/2025/Primer_semestre/SEP/proyecto_1/IEE2463-SEP-Proyecto-Z8/IPCORES/debouncer</xilinx:tag>
        <xilinx:tag xilinx:name="ui.data.coregen.dd@62d41407_ARCHIVE_LOCATION">d:/U/2025/Primer_semestre/SEP/proyecto_1/IEE2463-SEP-Proyecto-Z8/IPCORES/debouncer</xilinx:tag>
        <xilinx:tag xilinx:name="ui.data.coregen.dd@3ebb5630_ARCHIVE_LOCATION">d:/U/2025/Primer_semestre/SEP/proyecto_1/IEE2463-SEP-Proyecto-Z8/IPCORES/debouncer</xilinx:tag>
        <xilinx:tag xilinx:name="ui.data.coregen.dd@2aa229bf_ARCHIVE_LOCATION">d:/U/2025/Primer_semestre/SEP/proyecto_1/IEE2463-SEP-Proyecto-Z8/IPCORES/debouncer</xilinx:tag>
        <xilinx:tag xilinx:name="ui.data.coregen.dd@2a884a76_ARCHIVE_LOCATION">d:/U/2025/Primer_semestre/SEP/proyecto_1/IEE2463-SEP-Proyecto-Z8/IPCORES/debouncer</xilinx:tag>
        <xilinx:tag xilinx:name="ui.data.coregen.dd@b5e689d_ARCHIVE_LOCATION">d:/U/2025/Primer_semestre/SEP/proyecto_1/IEE2463-SEP-Proyecto-Z8/IPCORES/debouncer</xilinx:tag>
        <xilinx:tag xilinx:name="ui.data.coregen.dd@48849b2d_ARCHIVE_LOCATION">d:/U/2025/Primer_semestre/SEP/proyecto_1/IEE2463-SEP-Proyecto-Z8/IPCORES/debouncer</xilinx:tag>
      </xilinx:tags>
      <xilinx:configElementInfos>
        <xilinx:configElementInfo xilinx:referenceId="BUSIFPARAM_VALUE.CLK.ASSOCIATED_BUSIF" xilinx:valueSource="constant" xilinx:valuePermission="bd_and_user"/>
        <xilinx:configElementInfo xilinx:referenceId="BUSIFPARAM_VALUE.CLK.ASSOCIATED_RESET" xilinx:valueSource="constant" xilinx:valuePermission="bd_and_user"/>
        <xilinx:configElementInfo xilinx:referenceId="BUSIFPARAM_VALUE.CLK.CLK_DOMAIN" xilinx:valueSource="constant" xilinx:valuePermission="bd_and_user"/>
        <xilinx:configElementInfo xilinx:referenceId="BUSIFPARAM_VALUE.CLK.FREQ_HZ" xilinx:valueSource="constant" xilinx:valuePermission="bd_and_user"/>
        <xilinx:configElementInfo xilinx:referenceId="BUSIFPARAM_VALUE.CLK.FREQ_TOLERANCE_HZ" xilinx:valueSource="constant" xilinx:valuePermission="bd_and_user"/>
        <xilinx:configElementInfo xilinx:referenceId="BUSIFPARAM_VALUE.CLK.INSERT_VIP" xilinx:valueSource="constant"/>
        <xilinx:configElementInfo xilinx:referenceId="BUSIFPARAM_VALUE.CLK.PHASE" xilinx:valueSource="constant" xilinx:valuePermission="bd_and_user"/>
      </xilinx:configElementInfos>
    </xilinx:coreExtensions>
    <xilinx:packagingInfo>
      <xilinx:xilinxVersion>2020.1</xilinx:xilinxVersion>
      <xilinx:checksum xilinx:scope="busInterfaces" xilinx:value="a88d4390"/>
      <xilinx:checksum xilinx:scope="fileGroups" xilinx:value="eca84f1d"/>
      <xilinx:checksum xilinx:scope="ports" xilinx:value="18164ca5"/>
      <xilinx:checksum xilinx:scope="hdlParameters" xilinx:value="52971c01"/>
      <xilinx:checksum xilinx:scope="parameters" xilinx:value="589b3cfc"/>
    </xilinx:packagingInfo>
  </spirit:vendorExtensions>
</spirit:component>
