<?xml version="1.0" encoding="UTF-8"?>
<!-- Product Version: Vivado v2020.1 (64-bit)                     -->
<!--                                                              -->
<!-- Copyright 1986-2020 Xilinx, Inc. All Rights Reserved.        -->

<hwsession version="1" minor="2">
  <device name="xc7z010_1" gui_info=""/>
  <ObjectList object_type="hw_device" gui_info="">
    <Object name="xc7z010_1" gui_info="">
      <Properties Property="FULL_PROBES.FILE" value="$_project_name_.runs/impl_1/design_1_wrapper.ltx"/>
      <Properties Property="PROBES.FILE" value="$_project_name_.runs/impl_1/design_1_wrapper.ltx"/>
      <Properties Property="PROGRAM.HW_BITSTREAM" value="$_project_name_.runs/impl_1/design_1_wrapper.bit"/>
      <Properties Property="SLR.COUNT" value="1"/>
    </Object>
  </ObjectList>
  <ObjectList object_type="hw_ila" gui_info="">
    <Object name="design_1_i/ila_0" gui_info="">
      <Properties Property="CONTROL.TRIGGER_CONDITION" value="AND"/>
      <Properties Property="CORE_REFRESH_RATE_MS" value="500"/>
    </Object>
  </ObjectList>
  <probeset name="hw project" active="false">
    <probe type="ila" busType="bus" source="netlist" spec="ILA_V2_RT">
      <probeOptions Id="DebugProbeParams">
        <Option Id="CAPTURE_COMPARE_VALUE" value="eq56&apos;hXX_XXXX_XXXX_XXXX"/>
        <Option Id="COMPARE_VALUE.0" value="eq56&apos;hXX_XXXX_XXXX_XXXX"/>
        <Option Id="DISPLAY_AS_ENUM" value="1"/>
        <Option Id="DISPLAY_HINT" value=""/>
        <Option Id="DISPLAY_RADIX" value="HEX"/>
        <Option Id="DISPLAY_VISIBILITY" value=""/>
        <Option Id="HW_ILA" value="hw_ila_1"/>
        <Option Id="LINK_TO_WAVEFORM" value="1"/>
        <Option Id="MAP" value="probe4[55:0]"/>
        <Option Id="NAME.CUSTOM" value=""/>
        <Option Id="NAME.SELECT" value="Long"/>
        <Option Id="SOURCE" value="netlist"/>
        <Option Id="TRIGGER_COMPARE_VALUE" value="eq56&apos;hXX_XXXX_XXXX_XXXX"/>
        <Option Id="WAVEFORM_STYLE" value="Digital"/>
      </probeOptions>
      <nets>
        <net name="design_1_i/Axi_Game_math_slave_0_data_out[55]"/>
        <net name="design_1_i/Axi_Game_math_slave_0_data_out[54]"/>
        <net name="design_1_i/Axi_Game_math_slave_0_data_out[53]"/>
        <net name="design_1_i/Axi_Game_math_slave_0_data_out[52]"/>
        <net name="design_1_i/Axi_Game_math_slave_0_data_out[51]"/>
        <net name="design_1_i/Axi_Game_math_slave_0_data_out[50]"/>
        <net name="design_1_i/Axi_Game_math_slave_0_data_out[49]"/>
        <net name="design_1_i/Axi_Game_math_slave_0_data_out[48]"/>
        <net name="design_1_i/Axi_Game_math_slave_0_data_out[47]"/>
        <net name="design_1_i/Axi_Game_math_slave_0_data_out[46]"/>
        <net name="design_1_i/Axi_Game_math_slave_0_data_out[45]"/>
        <net name="design_1_i/Axi_Game_math_slave_0_data_out[44]"/>
        <net name="design_1_i/Axi_Game_math_slave_0_data_out[43]"/>
        <net name="design_1_i/Axi_Game_math_slave_0_data_out[42]"/>
        <net name="design_1_i/Axi_Game_math_slave_0_data_out[41]"/>
        <net name="design_1_i/Axi_Game_math_slave_0_data_out[40]"/>
        <net name="design_1_i/Axi_Game_math_slave_0_data_out[39]"/>
        <net name="design_1_i/Axi_Game_math_slave_0_data_out[38]"/>
        <net name="design_1_i/Axi_Game_math_slave_0_data_out[37]"/>
        <net name="design_1_i/Axi_Game_math_slave_0_data_out[36]"/>
        <net name="design_1_i/Axi_Game_math_slave_0_data_out[35]"/>
        <net name="design_1_i/Axi_Game_math_slave_0_data_out[34]"/>
        <net name="design_1_i/Axi_Game_math_slave_0_data_out[33]"/>
        <net name="design_1_i/Axi_Game_math_slave_0_data_out[32]"/>
        <net name="design_1_i/Axi_Game_math_slave_0_data_out[31]"/>
        <net name="design_1_i/Axi_Game_math_slave_0_data_out[30]"/>
        <net name="design_1_i/Axi_Game_math_slave_0_data_out[29]"/>
        <net name="design_1_i/Axi_Game_math_slave_0_data_out[28]"/>
        <net name="design_1_i/Axi_Game_math_slave_0_data_out[27]"/>
        <net name="design_1_i/Axi_Game_math_slave_0_data_out[26]"/>
        <net name="design_1_i/Axi_Game_math_slave_0_data_out[25]"/>
        <net name="design_1_i/Axi_Game_math_slave_0_data_out[24]"/>
        <net name="design_1_i/Axi_Game_math_slave_0_data_out[23]"/>
        <net name="design_1_i/Axi_Game_math_slave_0_data_out[22]"/>
        <net name="design_1_i/Axi_Game_math_slave_0_data_out[21]"/>
        <net name="design_1_i/Axi_Game_math_slave_0_data_out[20]"/>
        <net name="design_1_i/Axi_Game_math_slave_0_data_out[19]"/>
        <net name="design_1_i/Axi_Game_math_slave_0_data_out[18]"/>
        <net name="design_1_i/Axi_Game_math_slave_0_data_out[17]"/>
        <net name="design_1_i/Axi_Game_math_slave_0_data_out[16]"/>
        <net name="design_1_i/Axi_Game_math_slave_0_data_out[15]"/>
        <net name="design_1_i/Axi_Game_math_slave_0_data_out[14]"/>
        <net name="design_1_i/Axi_Game_math_slave_0_data_out[13]"/>
        <net name="design_1_i/Axi_Game_math_slave_0_data_out[12]"/>
        <net name="design_1_i/Axi_Game_math_slave_0_data_out[11]"/>
        <net name="design_1_i/Axi_Game_math_slave_0_data_out[10]"/>
        <net name="design_1_i/Axi_Game_math_slave_0_data_out[9]"/>
        <net name="design_1_i/Axi_Game_math_slave_0_data_out[8]"/>
        <net name="design_1_i/Axi_Game_math_slave_0_data_out[7]"/>
        <net name="design_1_i/Axi_Game_math_slave_0_data_out[6]"/>
        <net name="design_1_i/Axi_Game_math_slave_0_data_out[5]"/>
        <net name="design_1_i/Axi_Game_math_slave_0_data_out[4]"/>
        <net name="design_1_i/Axi_Game_math_slave_0_data_out[3]"/>
        <net name="design_1_i/Axi_Game_math_slave_0_data_out[2]"/>
        <net name="design_1_i/Axi_Game_math_slave_0_data_out[1]"/>
        <net name="design_1_i/Axi_Game_math_slave_0_data_out[0]"/>
      </nets>
    </probe>
    <probe type="ila" busType="net" source="netlist" spec="ILA_V2_RT">
      <probeOptions Id="DebugProbeParams">
        <Option Id="CAPTURE_COMPARE_VALUE" value="eq1&apos;bX"/>
        <Option Id="COMPARE_VALUE.0" value="eq1&apos;bX"/>
        <Option Id="DISPLAY_AS_ENUM" value="1"/>
        <Option Id="DISPLAY_HINT" value=""/>
        <Option Id="DISPLAY_RADIX" value="HEX"/>
        <Option Id="DISPLAY_VISIBILITY" value=""/>
        <Option Id="HW_ILA" value="hw_ila_1"/>
        <Option Id="LINK_TO_WAVEFORM" value="1"/>
        <Option Id="MAP" value="probe13[0]"/>
        <Option Id="NAME.CUSTOM" value=""/>
        <Option Id="NAME.SELECT" value="Long"/>
        <Option Id="SOURCE" value="netlist"/>
        <Option Id="TRIGGER_COMPARE_VALUE" value="eq1&apos;bX"/>
        <Option Id="WAVEFORM_STYLE" value="Digital"/>
      </probeOptions>
      <nets>
        <net name="design_1_i/Axi_Game_math_slave_0_finished"/>
      </nets>
    </probe>
    <probe type="ila" busType="bus" source="netlist" spec="ILA_V2_RT">
      <probeOptions Id="DebugProbeParams">
        <Option Id="CAPTURE_COMPARE_VALUE" value="eq3&apos;hX"/>
        <Option Id="COMPARE_VALUE.0" value="eq3&apos;hX"/>
        <Option Id="DISPLAY_AS_ENUM" value="1"/>
        <Option Id="DISPLAY_HINT" value=""/>
        <Option Id="DISPLAY_RADIX" value="HEX"/>
        <Option Id="DISPLAY_VISIBILITY" value=""/>
        <Option Id="HW_ILA" value="hw_ila_1"/>
        <Option Id="LINK_TO_WAVEFORM" value="1"/>
        <Option Id="MAP" value="probe5[2:0]"/>
        <Option Id="NAME.CUSTOM" value=""/>
        <Option Id="NAME.SELECT" value="Long"/>
        <Option Id="SOURCE" value="netlist"/>
        <Option Id="TRIGGER_COMPARE_VALUE" value="eq3&apos;hX"/>
        <Option Id="WAVEFORM_STYLE" value="Digital"/>
      </probeOptions>
      <nets>
        <net name="design_1_i/Axi_Game_math_slave_0_o_address[2]"/>
        <net name="design_1_i/Axi_Game_math_slave_0_o_address[1]"/>
        <net name="design_1_i/Axi_Game_math_slave_0_o_address[0]"/>
      </nets>
    </probe>
    <probe type="ila" busType="bus" source="netlist" spec="ILA_V2_RT">
      <probeOptions Id="DebugProbeParams">
        <Option Id="CAPTURE_COMPARE_VALUE" value="eq8&apos;hXX"/>
        <Option Id="COMPARE_VALUE.0" value="eq8&apos;hXX"/>
        <Option Id="DISPLAY_AS_ENUM" value="1"/>
        <Option Id="DISPLAY_HINT" value=""/>
        <Option Id="DISPLAY_RADIX" value="HEX"/>
        <Option Id="DISPLAY_VISIBILITY" value=""/>
        <Option Id="HW_ILA" value="hw_ila_1"/>
        <Option Id="LINK_TO_WAVEFORM" value="1"/>
        <Option Id="MAP" value="probe14[7:0]"/>
        <Option Id="NAME.CUSTOM" value=""/>
        <Option Id="NAME.SELECT" value="Long"/>
        <Option Id="SOURCE" value="netlist"/>
        <Option Id="TRIGGER_COMPARE_VALUE" value="eq8&apos;hXX"/>
        <Option Id="WAVEFORM_STYLE" value="Digital"/>
      </probeOptions>
      <nets>
        <net name="design_1_i/Axi_Game_math_slave_0_o_damage[7]"/>
        <net name="design_1_i/Axi_Game_math_slave_0_o_damage[6]"/>
        <net name="design_1_i/Axi_Game_math_slave_0_o_damage[5]"/>
        <net name="design_1_i/Axi_Game_math_slave_0_o_damage[4]"/>
        <net name="design_1_i/Axi_Game_math_slave_0_o_damage[3]"/>
        <net name="design_1_i/Axi_Game_math_slave_0_o_damage[2]"/>
        <net name="design_1_i/Axi_Game_math_slave_0_o_damage[1]"/>
        <net name="design_1_i/Axi_Game_math_slave_0_o_damage[0]"/>
      </nets>
    </probe>
    <probe type="ila" busType="bus" source="netlist" spec="ILA_V2_RT">
      <probeOptions Id="DebugProbeParams">
        <Option Id="CAPTURE_COMPARE_VALUE" value="eq56&apos;hXX_XXXX_XXXX_XXXX"/>
        <Option Id="COMPARE_VALUE.0" value="eq56&apos;hXX_XXXX_XXXX_XXXX"/>
        <Option Id="DISPLAY_AS_ENUM" value="1"/>
        <Option Id="DISPLAY_HINT" value=""/>
        <Option Id="DISPLAY_RADIX" value="HEX"/>
        <Option Id="DISPLAY_VISIBILITY" value=""/>
        <Option Id="HW_ILA" value="hw_ila_1"/>
        <Option Id="LINK_TO_WAVEFORM" value="1"/>
        <Option Id="MAP" value="probe2[55:0]"/>
        <Option Id="NAME.CUSTOM" value=""/>
        <Option Id="NAME.SELECT" value="Long"/>
        <Option Id="SOURCE" value="netlist"/>
        <Option Id="TRIGGER_COMPARE_VALUE" value="eq56&apos;hXX_XXXX_XXXX_XXXX"/>
        <Option Id="WAVEFORM_STYLE" value="Digital"/>
      </probeOptions>
      <nets>
        <net name="design_1_i/blk_mem_gen_0_douta[55]"/>
        <net name="design_1_i/blk_mem_gen_0_douta[54]"/>
        <net name="design_1_i/blk_mem_gen_0_douta[53]"/>
        <net name="design_1_i/blk_mem_gen_0_douta[52]"/>
        <net name="design_1_i/blk_mem_gen_0_douta[51]"/>
        <net name="design_1_i/blk_mem_gen_0_douta[50]"/>
        <net name="design_1_i/blk_mem_gen_0_douta[49]"/>
        <net name="design_1_i/blk_mem_gen_0_douta[48]"/>
        <net name="design_1_i/blk_mem_gen_0_douta[47]"/>
        <net name="design_1_i/blk_mem_gen_0_douta[46]"/>
        <net name="design_1_i/blk_mem_gen_0_douta[45]"/>
        <net name="design_1_i/blk_mem_gen_0_douta[44]"/>
        <net name="design_1_i/blk_mem_gen_0_douta[43]"/>
        <net name="design_1_i/blk_mem_gen_0_douta[42]"/>
        <net name="design_1_i/blk_mem_gen_0_douta[41]"/>
        <net name="design_1_i/blk_mem_gen_0_douta[40]"/>
        <net name="design_1_i/blk_mem_gen_0_douta[39]"/>
        <net name="design_1_i/blk_mem_gen_0_douta[38]"/>
        <net name="design_1_i/blk_mem_gen_0_douta[37]"/>
        <net name="design_1_i/blk_mem_gen_0_douta[36]"/>
        <net name="design_1_i/blk_mem_gen_0_douta[35]"/>
        <net name="design_1_i/blk_mem_gen_0_douta[34]"/>
        <net name="design_1_i/blk_mem_gen_0_douta[33]"/>
        <net name="design_1_i/blk_mem_gen_0_douta[32]"/>
        <net name="design_1_i/blk_mem_gen_0_douta[31]"/>
        <net name="design_1_i/blk_mem_gen_0_douta[30]"/>
        <net name="design_1_i/blk_mem_gen_0_douta[29]"/>
        <net name="design_1_i/blk_mem_gen_0_douta[28]"/>
        <net name="design_1_i/blk_mem_gen_0_douta[27]"/>
        <net name="design_1_i/blk_mem_gen_0_douta[26]"/>
        <net name="design_1_i/blk_mem_gen_0_douta[25]"/>
        <net name="design_1_i/blk_mem_gen_0_douta[24]"/>
        <net name="design_1_i/blk_mem_gen_0_douta[23]"/>
        <net name="design_1_i/blk_mem_gen_0_douta[22]"/>
        <net name="design_1_i/blk_mem_gen_0_douta[21]"/>
        <net name="design_1_i/blk_mem_gen_0_douta[20]"/>
        <net name="design_1_i/blk_mem_gen_0_douta[19]"/>
        <net name="design_1_i/blk_mem_gen_0_douta[18]"/>
        <net name="design_1_i/blk_mem_gen_0_douta[17]"/>
        <net name="design_1_i/blk_mem_gen_0_douta[16]"/>
        <net name="design_1_i/blk_mem_gen_0_douta[15]"/>
        <net name="design_1_i/blk_mem_gen_0_douta[14]"/>
        <net name="design_1_i/blk_mem_gen_0_douta[13]"/>
        <net name="design_1_i/blk_mem_gen_0_douta[12]"/>
        <net name="design_1_i/blk_mem_gen_0_douta[11]"/>
        <net name="design_1_i/blk_mem_gen_0_douta[10]"/>
        <net name="design_1_i/blk_mem_gen_0_douta[9]"/>
        <net name="design_1_i/blk_mem_gen_0_douta[8]"/>
        <net name="design_1_i/blk_mem_gen_0_douta[7]"/>
        <net name="design_1_i/blk_mem_gen_0_douta[6]"/>
        <net name="design_1_i/blk_mem_gen_0_douta[5]"/>
        <net name="design_1_i/blk_mem_gen_0_douta[4]"/>
        <net name="design_1_i/blk_mem_gen_0_douta[3]"/>
        <net name="design_1_i/blk_mem_gen_0_douta[2]"/>
        <net name="design_1_i/blk_mem_gen_0_douta[1]"/>
        <net name="design_1_i/blk_mem_gen_0_douta[0]"/>
      </nets>
    </probe>
    <probe type="ila" busType="net" source="netlist" spec="ILA_V2_RT">
      <probeOptions Id="DebugProbeParams">
        <Option Id="CAPTURE_COMPARE_VALUE" value="eq1&apos;bX"/>
        <Option Id="COMPARE_VALUE.0" value="eq1&apos;bX"/>
        <Option Id="DISPLAY_AS_ENUM" value="1"/>
        <Option Id="DISPLAY_HINT" value=""/>
        <Option Id="DISPLAY_RADIX" value="HEX"/>
        <Option Id="DISPLAY_VISIBILITY" value=""/>
        <Option Id="HW_ILA" value="hw_ila_1"/>
        <Option Id="LINK_TO_WAVEFORM" value="1"/>
        <Option Id="MAP" value="probe12[0]"/>
        <Option Id="NAME.CUSTOM" value=""/>
        <Option Id="NAME.SELECT" value="Long"/>
        <Option Id="SOURCE" value="netlist"/>
        <Option Id="TRIGGER_COMPARE_VALUE" value="eq1&apos;bX"/>
        <Option Id="WAVEFORM_STYLE" value="Digital"/>
      </probeOptions>
      <nets>
        <net name="design_1_i/main_menu_0_game_math_enable"/>
      </nets>
    </probe>
    <probe type="ila" busType="net" source="netlist" spec="ILA_V2_RT">
      <probeOptions Id="DebugProbeParams">
        <Option Id="CAPTURE_COMPARE_VALUE" value="eq1&apos;bX"/>
        <Option Id="COMPARE_VALUE.0" value="eq1&apos;bX"/>
        <Option Id="DISPLAY_AS_ENUM" value="1"/>
        <Option Id="DISPLAY_HINT" value=""/>
        <Option Id="DISPLAY_RADIX" value="HEX"/>
        <Option Id="DISPLAY_VISIBILITY" value=""/>
        <Option Id="HW_ILA" value="hw_ila_1"/>
        <Option Id="LINK_TO_WAVEFORM" value="1"/>
        <Option Id="MAP" value="probe6[0]"/>
        <Option Id="NAME.CUSTOM" value=""/>
        <Option Id="NAME.SELECT" value="Long"/>
        <Option Id="SOURCE" value="netlist"/>
        <Option Id="TRIGGER_COMPARE_VALUE" value="eq1&apos;bX"/>
        <Option Id="WAVEFORM_STYLE" value="Digital"/>
      </probeOptions>
      <nets>
        <net name="design_1_i/main_menu_0_p1_action"/>
      </nets>
    </probe>
    <probe type="ila" busType="bus" source="netlist" spec="ILA_V2_RT">
      <probeOptions Id="DebugProbeParams">
        <Option Id="CAPTURE_COMPARE_VALUE" value="eq3&apos;hX"/>
        <Option Id="COMPARE_VALUE.0" value="eq3&apos;hX"/>
        <Option Id="DISPLAY_AS_ENUM" value="1"/>
        <Option Id="DISPLAY_HINT" value=""/>
        <Option Id="DISPLAY_RADIX" value="HEX"/>
        <Option Id="DISPLAY_VISIBILITY" value=""/>
        <Option Id="HW_ILA" value="hw_ila_1"/>
        <Option Id="LINK_TO_WAVEFORM" value="1"/>
        <Option Id="MAP" value="probe7[2:0]"/>
        <Option Id="NAME.CUSTOM" value=""/>
        <Option Id="NAME.SELECT" value="Long"/>
        <Option Id="SOURCE" value="netlist"/>
        <Option Id="TRIGGER_COMPARE_VALUE" value="eq3&apos;hX"/>
        <Option Id="WAVEFORM_STYLE" value="Digital"/>
      </probeOptions>
      <nets>
        <net name="design_1_i/main_menu_0_p1_target_1[2]"/>
        <net name="design_1_i/main_menu_0_p1_target_1[1]"/>
        <net name="design_1_i/main_menu_0_p1_target_1[0]"/>
      </nets>
    </probe>
    <probe type="ila" busType="bus" source="netlist" spec="ILA_V2_RT">
      <probeOptions Id="DebugProbeParams">
        <Option Id="CAPTURE_COMPARE_VALUE" value="eq3&apos;hX"/>
        <Option Id="COMPARE_VALUE.0" value="eq3&apos;hX"/>
        <Option Id="DISPLAY_AS_ENUM" value="1"/>
        <Option Id="DISPLAY_HINT" value=""/>
        <Option Id="DISPLAY_RADIX" value="HEX"/>
        <Option Id="DISPLAY_VISIBILITY" value=""/>
        <Option Id="HW_ILA" value="hw_ila_1"/>
        <Option Id="LINK_TO_WAVEFORM" value="1"/>
        <Option Id="MAP" value="probe8[2:0]"/>
        <Option Id="NAME.CUSTOM" value=""/>
        <Option Id="NAME.SELECT" value="Long"/>
        <Option Id="SOURCE" value="netlist"/>
        <Option Id="TRIGGER_COMPARE_VALUE" value="eq3&apos;hX"/>
        <Option Id="WAVEFORM_STYLE" value="Digital"/>
      </probeOptions>
      <nets>
        <net name="design_1_i/main_menu_0_p1_target_2[2]"/>
        <net name="design_1_i/main_menu_0_p1_target_2[1]"/>
        <net name="design_1_i/main_menu_0_p1_target_2[0]"/>
      </nets>
    </probe>
    <probe type="ila" busType="net" source="netlist" spec="ILA_V2_RT">
      <probeOptions Id="DebugProbeParams">
        <Option Id="CAPTURE_COMPARE_VALUE" value="eq1&apos;bX"/>
        <Option Id="COMPARE_VALUE.0" value="eq1&apos;bX"/>
        <Option Id="DISPLAY_AS_ENUM" value="1"/>
        <Option Id="DISPLAY_HINT" value=""/>
        <Option Id="DISPLAY_RADIX" value="HEX"/>
        <Option Id="DISPLAY_VISIBILITY" value=""/>
        <Option Id="HW_ILA" value="hw_ila_1"/>
        <Option Id="LINK_TO_WAVEFORM" value="1"/>
        <Option Id="MAP" value="probe9[0]"/>
        <Option Id="NAME.CUSTOM" value=""/>
        <Option Id="NAME.SELECT" value="Long"/>
        <Option Id="SOURCE" value="netlist"/>
        <Option Id="TRIGGER_COMPARE_VALUE" value="eq1&apos;bX"/>
        <Option Id="WAVEFORM_STYLE" value="Digital"/>
      </probeOptions>
      <nets>
        <net name="design_1_i/main_menu_0_p2_action"/>
      </nets>
    </probe>
    <probe type="ila" busType="bus" source="netlist" spec="ILA_V2_RT">
      <probeOptions Id="DebugProbeParams">
        <Option Id="CAPTURE_COMPARE_VALUE" value="eq3&apos;hX"/>
        <Option Id="COMPARE_VALUE.0" value="eq3&apos;hX"/>
        <Option Id="DISPLAY_AS_ENUM" value="1"/>
        <Option Id="DISPLAY_HINT" value=""/>
        <Option Id="DISPLAY_RADIX" value="HEX"/>
        <Option Id="DISPLAY_VISIBILITY" value=""/>
        <Option Id="HW_ILA" value="hw_ila_1"/>
        <Option Id="LINK_TO_WAVEFORM" value="1"/>
        <Option Id="MAP" value="probe10[2:0]"/>
        <Option Id="NAME.CUSTOM" value=""/>
        <Option Id="NAME.SELECT" value="Long"/>
        <Option Id="SOURCE" value="netlist"/>
        <Option Id="TRIGGER_COMPARE_VALUE" value="eq3&apos;hX"/>
        <Option Id="WAVEFORM_STYLE" value="Digital"/>
      </probeOptions>
      <nets>
        <net name="design_1_i/main_menu_0_p2_target_1[2]"/>
        <net name="design_1_i/main_menu_0_p2_target_1[1]"/>
        <net name="design_1_i/main_menu_0_p2_target_1[0]"/>
      </nets>
    </probe>
    <probe type="ila" busType="bus" source="netlist" spec="ILA_V2_RT">
      <probeOptions Id="DebugProbeParams">
        <Option Id="CAPTURE_COMPARE_VALUE" value="eq3&apos;hX"/>
        <Option Id="COMPARE_VALUE.0" value="eq3&apos;hX"/>
        <Option Id="DISPLAY_AS_ENUM" value="1"/>
        <Option Id="DISPLAY_HINT" value=""/>
        <Option Id="DISPLAY_RADIX" value="HEX"/>
        <Option Id="DISPLAY_VISIBILITY" value=""/>
        <Option Id="HW_ILA" value="hw_ila_1"/>
        <Option Id="LINK_TO_WAVEFORM" value="1"/>
        <Option Id="MAP" value="probe11[2:0]"/>
        <Option Id="NAME.CUSTOM" value=""/>
        <Option Id="NAME.SELECT" value="Long"/>
        <Option Id="SOURCE" value="netlist"/>
        <Option Id="TRIGGER_COMPARE_VALUE" value="eq3&apos;hX"/>
        <Option Id="WAVEFORM_STYLE" value="Digital"/>
      </probeOptions>
      <nets>
        <net name="design_1_i/main_menu_0_p2_target_2[2]"/>
        <net name="design_1_i/main_menu_0_p2_target_2[1]"/>
        <net name="design_1_i/main_menu_0_p2_target_2[0]"/>
      </nets>
    </probe>
    <probe type="ila" busType="bus" source="netlist" spec="ILA_V2_RT">
      <probeOptions Id="DebugProbeParams">
        <Option Id="CAPTURE_COMPARE_VALUE" value="eq2&apos;hX"/>
        <Option Id="COMPARE_VALUE.0" value="eq2&apos;hX"/>
        <Option Id="DISPLAY_AS_ENUM" value="1"/>
        <Option Id="DISPLAY_HINT" value=""/>
        <Option Id="DISPLAY_RADIX" value="HEX"/>
        <Option Id="DISPLAY_VISIBILITY" value=""/>
        <Option Id="HW_ILA" value="hw_ila_1"/>
        <Option Id="LINK_TO_WAVEFORM" value="1"/>
        <Option Id="MAP" value="probe1[1:0]"/>
        <Option Id="NAME.CUSTOM" value=""/>
        <Option Id="NAME.SELECT" value="Long"/>
        <Option Id="SOURCE" value="netlist"/>
        <Option Id="TRIGGER_COMPARE_VALUE" value="eq2&apos;hX"/>
        <Option Id="WAVEFORM_STYLE" value="Digital"/>
      </probeOptions>
      <nets>
        <net name="design_1_i/main_menu_0_ram_control[1]"/>
        <net name="design_1_i/main_menu_0_ram_control[0]"/>
      </nets>
    </probe>
    <probe type="ila" busType="net" source="netlist" spec="ILA_V2_RT">
      <probeOptions Id="DebugProbeParams">
        <Option Id="CAPTURE_COMPARE_VALUE" value="eq1&apos;bX"/>
        <Option Id="COMPARE_VALUE.0" value="eq1&apos;bX"/>
        <Option Id="DISPLAY_AS_ENUM" value="1"/>
        <Option Id="DISPLAY_HINT" value=""/>
        <Option Id="DISPLAY_RADIX" value="HEX"/>
        <Option Id="DISPLAY_VISIBILITY" value=""/>
        <Option Id="HW_ILA" value="hw_ila_1"/>
        <Option Id="LINK_TO_WAVEFORM" value="1"/>
        <Option Id="MAP" value="probe15[0]"/>
        <Option Id="NAME.CUSTOM" value=""/>
        <Option Id="NAME.SELECT" value="Long"/>
        <Option Id="SOURCE" value="netlist"/>
        <Option Id="TRIGGER_COMPARE_VALUE" value="eq1&apos;bX"/>
        <Option Id="WAVEFORM_STYLE" value="Digital"/>
      </probeOptions>
      <nets>
        <net name="design_1_i/mon_generator_0_o_gen_ready"/>
      </nets>
    </probe>
    <probe type="ila" busType="bus" source="netlist" spec="ILA_V2_RT">
      <probeOptions Id="DebugProbeParams">
        <Option Id="CAPTURE_COMPARE_VALUE" value="eq3&apos;hX"/>
        <Option Id="COMPARE_VALUE.0" value="eq3&apos;hX"/>
        <Option Id="DISPLAY_AS_ENUM" value="1"/>
        <Option Id="DISPLAY_HINT" value=""/>
        <Option Id="DISPLAY_RADIX" value="HEX"/>
        <Option Id="DISPLAY_VISIBILITY" value=""/>
        <Option Id="HW_ILA" value="hw_ila_1"/>
        <Option Id="LINK_TO_WAVEFORM" value="1"/>
        <Option Id="MAP" value="probe3[2:0]"/>
        <Option Id="NAME.CUSTOM" value=""/>
        <Option Id="NAME.SELECT" value="Long"/>
        <Option Id="SOURCE" value="netlist"/>
        <Option Id="TRIGGER_COMPARE_VALUE" value="eq3&apos;hX"/>
        <Option Id="WAVEFORM_STYLE" value="Digital"/>
      </probeOptions>
      <nets>
        <net name="design_1_i/ram_controler_v1_0_address[2]"/>
        <net name="design_1_i/ram_controler_v1_0_address[1]"/>
        <net name="design_1_i/ram_controler_v1_0_address[0]"/>
      </nets>
    </probe>
    <probe type="ila" busType="net" source="netlist" spec="ILA_V2_RT">
      <probeOptions Id="DebugProbeParams">
        <Option Id="CAPTURE_COMPARE_VALUE" value="eq1&apos;bX"/>
        <Option Id="COMPARE_VALUE.0" value="eq1&apos;bX"/>
        <Option Id="DISPLAY_AS_ENUM" value="1"/>
        <Option Id="DISPLAY_HINT" value=""/>
        <Option Id="DISPLAY_RADIX" value="HEX"/>
        <Option Id="DISPLAY_VISIBILITY" value=""/>
        <Option Id="HW_ILA" value="hw_ila_1"/>
        <Option Id="LINK_TO_WAVEFORM" value="1"/>
        <Option Id="MAP" value="probe0[0]"/>
        <Option Id="NAME.CUSTOM" value=""/>
        <Option Id="NAME.SELECT" value="Long"/>
        <Option Id="SOURCE" value="netlist"/>
        <Option Id="TRIGGER_COMPARE_VALUE" value="eq1&apos;bX"/>
        <Option Id="WAVEFORM_STYLE" value="Digital"/>
      </probeOptions>
      <nets>
        <net name="design_1_i/ram_controler_v1_0_we"/>
      </nets>
    </probe>
    <probe type="vio_output" busType="bus" source="netlist" spec="VIO_OUTPUT_V2_RT">
      <probeOptions Id="DebugProbeParams">
        <Option Id="DISPLAY_HINT" value=""/>
        <Option Id="DISPLAY_VISIBILITY" value=""/>
        <Option Id="HW_VIO" value="hw_vio_1"/>
        <Option Id="NAME.CUSTOM" value=""/>
        <Option Id="NAME.SELECT" value="Long"/>
        <Option Id="OUTPUT_VALUE" value="0"/>
        <Option Id="OUTPUT_VALUE_RADIX" value="HEX"/>
        <Option Id="SOURCE" value="netlist"/>
      </probeOptions>
      <nets>
        <net name="design_1_i/vio_0_probe_out0[2]"/>
        <net name="design_1_i/vio_0_probe_out0[1]"/>
        <net name="design_1_i/vio_0_probe_out0[0]"/>
      </nets>
    </probe>
    <probe type="vio_output" busType="net" source="netlist" spec="VIO_OUTPUT_V2_RT">
      <probeOptions Id="DebugProbeParams">
        <Option Id="DISPLAY_HINT" value=""/>
        <Option Id="DISPLAY_VISIBILITY" value=""/>
        <Option Id="HW_VIO" value="hw_vio_1"/>
        <Option Id="NAME.CUSTOM" value=""/>
        <Option Id="NAME.SELECT" value="Long"/>
        <Option Id="OUTPUT_VALUE" value="0"/>
        <Option Id="OUTPUT_VALUE_RADIX" value="BINARY"/>
        <Option Id="SOURCE" value="netlist"/>
      </probeOptions>
      <nets>
        <net name="design_1_i/vio_0_probe_out1"/>
      </nets>
    </probe>
    <probe type="vio_output" busType="bus" source="netlist" spec="VIO_OUTPUT_V2_RT">
      <probeOptions Id="DebugProbeParams">
        <Option Id="DISPLAY_HINT" value=""/>
        <Option Id="DISPLAY_VISIBILITY" value=""/>
        <Option Id="HW_VIO" value="hw_vio_1"/>
        <Option Id="NAME.CUSTOM" value=""/>
        <Option Id="NAME.SELECT" value="Long"/>
        <Option Id="OUTPUT_VALUE" value="00000000000000"/>
        <Option Id="OUTPUT_VALUE_RADIX" value="HEX"/>
        <Option Id="SOURCE" value="netlist"/>
      </probeOptions>
      <nets>
        <net name="design_1_i/vio_0_probe_out2[55]"/>
        <net name="design_1_i/vio_0_probe_out2[54]"/>
        <net name="design_1_i/vio_0_probe_out2[53]"/>
        <net name="design_1_i/vio_0_probe_out2[52]"/>
        <net name="design_1_i/vio_0_probe_out2[51]"/>
        <net name="design_1_i/vio_0_probe_out2[50]"/>
        <net name="design_1_i/vio_0_probe_out2[49]"/>
        <net name="design_1_i/vio_0_probe_out2[48]"/>
        <net name="design_1_i/vio_0_probe_out2[47]"/>
        <net name="design_1_i/vio_0_probe_out2[46]"/>
        <net name="design_1_i/vio_0_probe_out2[45]"/>
        <net name="design_1_i/vio_0_probe_out2[44]"/>
        <net name="design_1_i/vio_0_probe_out2[43]"/>
        <net name="design_1_i/vio_0_probe_out2[42]"/>
        <net name="design_1_i/vio_0_probe_out2[41]"/>
        <net name="design_1_i/vio_0_probe_out2[40]"/>
        <net name="design_1_i/vio_0_probe_out2[39]"/>
        <net name="design_1_i/vio_0_probe_out2[38]"/>
        <net name="design_1_i/vio_0_probe_out2[37]"/>
        <net name="design_1_i/vio_0_probe_out2[36]"/>
        <net name="design_1_i/vio_0_probe_out2[35]"/>
        <net name="design_1_i/vio_0_probe_out2[34]"/>
        <net name="design_1_i/vio_0_probe_out2[33]"/>
        <net name="design_1_i/vio_0_probe_out2[32]"/>
        <net name="design_1_i/vio_0_probe_out2[31]"/>
        <net name="design_1_i/vio_0_probe_out2[30]"/>
        <net name="design_1_i/vio_0_probe_out2[29]"/>
        <net name="design_1_i/vio_0_probe_out2[28]"/>
        <net name="design_1_i/vio_0_probe_out2[27]"/>
        <net name="design_1_i/vio_0_probe_out2[26]"/>
        <net name="design_1_i/vio_0_probe_out2[25]"/>
        <net name="design_1_i/vio_0_probe_out2[24]"/>
        <net name="design_1_i/vio_0_probe_out2[23]"/>
        <net name="design_1_i/vio_0_probe_out2[22]"/>
        <net name="design_1_i/vio_0_probe_out2[21]"/>
        <net name="design_1_i/vio_0_probe_out2[20]"/>
        <net name="design_1_i/vio_0_probe_out2[19]"/>
        <net name="design_1_i/vio_0_probe_out2[18]"/>
        <net name="design_1_i/vio_0_probe_out2[17]"/>
        <net name="design_1_i/vio_0_probe_out2[16]"/>
        <net name="design_1_i/vio_0_probe_out2[15]"/>
        <net name="design_1_i/vio_0_probe_out2[14]"/>
        <net name="design_1_i/vio_0_probe_out2[13]"/>
        <net name="design_1_i/vio_0_probe_out2[12]"/>
        <net name="design_1_i/vio_0_probe_out2[11]"/>
        <net name="design_1_i/vio_0_probe_out2[10]"/>
        <net name="design_1_i/vio_0_probe_out2[9]"/>
        <net name="design_1_i/vio_0_probe_out2[8]"/>
        <net name="design_1_i/vio_0_probe_out2[7]"/>
        <net name="design_1_i/vio_0_probe_out2[6]"/>
        <net name="design_1_i/vio_0_probe_out2[5]"/>
        <net name="design_1_i/vio_0_probe_out2[4]"/>
        <net name="design_1_i/vio_0_probe_out2[3]"/>
        <net name="design_1_i/vio_0_probe_out2[2]"/>
        <net name="design_1_i/vio_0_probe_out2[1]"/>
        <net name="design_1_i/vio_0_probe_out2[0]"/>
      </nets>
    </probe>
    <probe type="vio_output" busType="net" source="netlist" spec="VIO_OUTPUT_V2_RT">
      <probeOptions Id="DebugProbeParams">
        <Option Id="DISPLAY_HINT" value=""/>
        <Option Id="DISPLAY_VISIBILITY" value=""/>
        <Option Id="HW_VIO" value="hw_vio_1"/>
        <Option Id="NAME.CUSTOM" value=""/>
        <Option Id="NAME.SELECT" value="Long"/>
        <Option Id="OUTPUT_VALUE" value="0"/>
        <Option Id="OUTPUT_VALUE_RADIX" value="BINARY"/>
        <Option Id="SOURCE" value="netlist"/>
      </probeOptions>
      <nets>
        <net name="design_1_i/vio_0_probe_out3"/>
      </nets>
    </probe>
  </probeset>
</hwsession>
