<?xml version="1.0" encoding="UTF-8"?>
<spirit:component xmlns:xilinx="http://www.xilinx.com" xmlns:spirit="http://www.spiritconsortium.org/XMLSchema/SPIRIT/1685-2009" xmlns:xsi="http://www.w3.org/2001/XMLSchema-instance">
  <spirit:vendor>xilinx.com</spirit:vendor>
  <spirit:library>customized_ip</spirit:library>
  <spirit:name>design_1_mon_generator_0_0</spirit:name>
  <spirit:version>1.0</spirit:version>
  <spirit:busInterfaces>
    <spirit:busInterface>
      <spirit:name>reset</spirit:name>
      <spirit:busType spirit:vendor="xilinx.com" spirit:library="signal" spirit:name="reset" spirit:version="1.0"/>
      <spirit:abstractionType spirit:vendor="xilinx.com" spirit:library="signal" spirit:name="reset_rtl" spirit:version="1.0"/>
      <spirit:slave/>
      <spirit:portMaps>
        <spirit:portMap>
          <spirit:logicalPort>
            <spirit:name>RST</spirit:name>
          </spirit:logicalPort>
          <spirit:physicalPort>
            <spirit:name>reset</spirit:name>
          </spirit:physicalPort>
        </spirit:portMap>
      </spirit:portMaps>
      <spirit:parameters>
        <spirit:parameter>
          <spirit:name>POLARITY</spirit:name>
          <spirit:value spirit:resolve="generated" spirit:id="BUSIFPARAM_VALUE.RESET.POLARITY">ACTIVE_LOW</spirit:value>
          <spirit:vendorExtensions>
            <xilinx:parameterInfo>
              <xilinx:parameterUsage>none</xilinx:parameterUsage>
            </xilinx:parameterInfo>
          </spirit:vendorExtensions>
        </spirit:parameter>
        <spirit:parameter>
          <spirit:name>INSERT_VIP</spirit:name>
          <spirit:value spirit:format="long" spirit:resolve="user" spirit:id="BUSIFPARAM_VALUE.RESET.INSERT_VIP">0</spirit:value>
          <spirit:vendorExtensions>
            <xilinx:parameterInfo>
              <xilinx:parameterUsage>simulation.rtl</xilinx:parameterUsage>
            </xilinx:parameterInfo>
          </spirit:vendorExtensions>
        </spirit:parameter>
      </spirit:parameters>
    </spirit:busInterface>
    <spirit:busInterface>
      <spirit:name>clk</spirit:name>
      <spirit:busType spirit:vendor="xilinx.com" spirit:library="signal" spirit:name="clock" spirit:version="1.0"/>
      <spirit:abstractionType spirit:vendor="xilinx.com" spirit:library="signal" spirit:name="clock_rtl" spirit:version="1.0"/>
      <spirit:slave/>
      <spirit:portMaps>
        <spirit:portMap>
          <spirit:logicalPort>
            <spirit:name>CLK</spirit:name>
          </spirit:logicalPort>
          <spirit:physicalPort>
            <spirit:name>clk</spirit:name>
          </spirit:physicalPort>
        </spirit:portMap>
      </spirit:portMaps>
      <spirit:parameters>
        <spirit:parameter>
          <spirit:name>ASSOCIATED_RESET</spirit:name>
          <spirit:value spirit:id="BUSIFPARAM_VALUE.CLK.ASSOCIATED_RESET">reset</spirit:value>
        </spirit:parameter>
        <spirit:parameter>
          <spirit:name>FREQ_HZ</spirit:name>
          <spirit:value spirit:format="long" spirit:resolve="generated" spirit:id="BUSIFPARAM_VALUE.CLK.FREQ_HZ">100000000</spirit:value>
          <spirit:vendorExtensions>
            <xilinx:parameterInfo>
              <xilinx:parameterUsage>none</xilinx:parameterUsage>
            </xilinx:parameterInfo>
          </spirit:vendorExtensions>
        </spirit:parameter>
        <spirit:parameter>
          <spirit:name>FREQ_TOLERANCE_HZ</spirit:name>
          <spirit:value spirit:format="long" spirit:resolve="generated" spirit:id="BUSIFPARAM_VALUE.CLK.FREQ_TOLERANCE_HZ">0</spirit:value>
          <spirit:vendorExtensions>
            <xilinx:parameterInfo>
              <xilinx:parameterUsage>none</xilinx:parameterUsage>
            </xilinx:parameterInfo>
          </spirit:vendorExtensions>
        </spirit:parameter>
        <spirit:parameter>
          <spirit:name>PHASE</spirit:name>
          <spirit:value spirit:format="float" spirit:resolve="generated" spirit:id="BUSIFPARAM_VALUE.CLK.PHASE">0.000</spirit:value>
          <spirit:vendorExtensions>
            <xilinx:parameterInfo>
              <xilinx:parameterUsage>none</xilinx:parameterUsage>
            </xilinx:parameterInfo>
          </spirit:vendorExtensions>
        </spirit:parameter>
        <spirit:parameter>
          <spirit:name>CLK_DOMAIN</spirit:name>
          <spirit:value spirit:resolve="generated" spirit:id="BUSIFPARAM_VALUE.CLK.CLK_DOMAIN"/>
          <spirit:vendorExtensions>
            <xilinx:parameterInfo>
              <xilinx:parameterUsage>none</xilinx:parameterUsage>
            </xilinx:parameterInfo>
          </spirit:vendorExtensions>
        </spirit:parameter>
        <spirit:parameter>
          <spirit:name>ASSOCIATED_BUSIF</spirit:name>
          <spirit:value spirit:resolve="generated" spirit:id="BUSIFPARAM_VALUE.CLK.ASSOCIATED_BUSIF"/>
          <spirit:vendorExtensions>
            <xilinx:parameterInfo>
              <xilinx:parameterUsage>none</xilinx:parameterUsage>
            </xilinx:parameterInfo>
          </spirit:vendorExtensions>
        </spirit:parameter>
        <spirit:parameter>
          <spirit:name>INSERT_VIP</spirit:name>
          <spirit:value spirit:format="long" spirit:resolve="user" spirit:id="BUSIFPARAM_VALUE.CLK.INSERT_VIP">0</spirit:value>
          <spirit:vendorExtensions>
            <xilinx:parameterInfo>
              <xilinx:parameterUsage>simulation.rtl</xilinx:parameterUsage>
            </xilinx:parameterInfo>
          </spirit:vendorExtensions>
        </spirit:parameter>
      </spirit:parameters>
    </spirit:busInterface>
  </spirit:busInterfaces>
  <spirit:model>
    <spirit:views>
      <spirit:view>
        <spirit:name>xilinx_anylanguagesynthesis</spirit:name>
        <spirit:displayName>Synthesis</spirit:displayName>
        <spirit:envIdentifier>:vivado.xilinx.com:synthesis</spirit:envIdentifier>
        <spirit:modelName>mon_generator</spirit:modelName>
        <spirit:fileSetRef>
          <spirit:localName>xilinx_anylanguagesynthesis_view_fileset</spirit:localName>
        </spirit:fileSetRef>
        <spirit:parameters>
          <spirit:parameter>
            <spirit:name>GENtimestamp</spirit:name>
            <spirit:value>Thu May 08 18:46:27 UTC 2025</spirit:value>
          </spirit:parameter>
          <spirit:parameter>
            <spirit:name>outputProductCRC</spirit:name>
            <spirit:value>9:262bd714</spirit:value>
          </spirit:parameter>
        </spirit:parameters>
      </spirit:view>
      <spirit:view>
        <spirit:name>xilinx_synthesisconstraints</spirit:name>
        <spirit:displayName>Synthesis Constraints</spirit:displayName>
        <spirit:envIdentifier>:vivado.xilinx.com:synthesis.constraints</spirit:envIdentifier>
        <spirit:parameters>
          <spirit:parameter>
            <spirit:name>outputProductCRC</spirit:name>
            <spirit:value>9:262bd714</spirit:value>
          </spirit:parameter>
        </spirit:parameters>
      </spirit:view>
      <spirit:view>
        <spirit:name>xilinx_vhdlsynthesiswrapper</spirit:name>
        <spirit:displayName>VHDL Synthesis Wrapper</spirit:displayName>
        <spirit:envIdentifier>vhdlSource:vivado.xilinx.com:synthesis.wrapper</spirit:envIdentifier>
        <spirit:language>vhdl</spirit:language>
        <spirit:modelName>design_1_mon_generator_0_0</spirit:modelName>
        <spirit:fileSetRef>
          <spirit:localName>xilinx_vhdlsynthesiswrapper_view_fileset</spirit:localName>
        </spirit:fileSetRef>
        <spirit:parameters>
          <spirit:parameter>
            <spirit:name>GENtimestamp</spirit:name>
            <spirit:value>Thu May 08 18:46:27 UTC 2025</spirit:value>
          </spirit:parameter>
          <spirit:parameter>
            <spirit:name>outputProductCRC</spirit:name>
            <spirit:value>9:262bd714</spirit:value>
          </spirit:parameter>
        </spirit:parameters>
      </spirit:view>
      <spirit:view>
        <spirit:name>xilinx_anylanguagebehavioralsimulation</spirit:name>
        <spirit:displayName>Simulation</spirit:displayName>
        <spirit:envIdentifier>:vivado.xilinx.com:simulation</spirit:envIdentifier>
        <spirit:modelName>mon_generator</spirit:modelName>
        <spirit:fileSetRef>
          <spirit:localName>xilinx_anylanguagebehavioralsimulation_view_fileset</spirit:localName>
        </spirit:fileSetRef>
        <spirit:parameters>
          <spirit:parameter>
            <spirit:name>GENtimestamp</spirit:name>
            <spirit:value>Thu May 08 18:46:27 UTC 2025</spirit:value>
          </spirit:parameter>
          <spirit:parameter>
            <spirit:name>outputProductCRC</spirit:name>
            <spirit:value>9:c1b0c91a</spirit:value>
          </spirit:parameter>
        </spirit:parameters>
      </spirit:view>
      <spirit:view>
        <spirit:name>xilinx_vhdlsimulationwrapper</spirit:name>
        <spirit:displayName>VHDL Simulation Wrapper</spirit:displayName>
        <spirit:envIdentifier>vhdlSource:vivado.xilinx.com:simulation.wrapper</spirit:envIdentifier>
        <spirit:language>vhdl</spirit:language>
        <spirit:modelName>design_1_mon_generator_0_0</spirit:modelName>
        <spirit:fileSetRef>
          <spirit:localName>xilinx_vhdlsimulationwrapper_view_fileset</spirit:localName>
        </spirit:fileSetRef>
        <spirit:parameters>
          <spirit:parameter>
            <spirit:name>GENtimestamp</spirit:name>
            <spirit:value>Thu May 08 18:46:27 UTC 2025</spirit:value>
          </spirit:parameter>
          <spirit:parameter>
            <spirit:name>outputProductCRC</spirit:name>
            <spirit:value>9:c1b0c91a</spirit:value>
          </spirit:parameter>
        </spirit:parameters>
      </spirit:view>
      <spirit:view>
        <spirit:name>xilinx_externalfiles</spirit:name>
        <spirit:displayName>External Files</spirit:displayName>
        <spirit:envIdentifier>:vivado.xilinx.com:external.files</spirit:envIdentifier>
        <spirit:fileSetRef>
          <spirit:localName>xilinx_externalfiles_view_fileset</spirit:localName>
        </spirit:fileSetRef>
        <spirit:parameters>
          <spirit:parameter>
            <spirit:name>GENtimestamp</spirit:name>
            <spirit:value>Thu May 08 18:47:10 UTC 2025</spirit:value>
          </spirit:parameter>
          <spirit:parameter>
            <spirit:name>outputProductCRC</spirit:name>
            <spirit:value>9:262bd714</spirit:value>
          </spirit:parameter>
        </spirit:parameters>
      </spirit:view>
    </spirit:views>
    <spirit:ports>
      <spirit:port>
        <spirit:name>clk</spirit:name>
        <spirit:wire>
          <spirit:direction>in</spirit:direction>
          <spirit:wireTypeDefs>
            <spirit:wireTypeDef>
              <spirit:typeName>std_logic</spirit:typeName>
              <spirit:viewNameRef>xilinx_anylanguagesynthesis</spirit:viewNameRef>
              <spirit:viewNameRef>xilinx_anylanguagebehavioralsimulation</spirit:viewNameRef>
            </spirit:wireTypeDef>
          </spirit:wireTypeDefs>
        </spirit:wire>
      </spirit:port>
      <spirit:port>
        <spirit:name>reset</spirit:name>
        <spirit:wire>
          <spirit:direction>in</spirit:direction>
          <spirit:wireTypeDefs>
            <spirit:wireTypeDef>
              <spirit:typeName>std_logic</spirit:typeName>
              <spirit:viewNameRef>xilinx_anylanguagesynthesis</spirit:viewNameRef>
              <spirit:viewNameRef>xilinx_anylanguagebehavioralsimulation</spirit:viewNameRef>
            </spirit:wireTypeDef>
          </spirit:wireTypeDefs>
        </spirit:wire>
      </spirit:port>
      <spirit:port>
        <spirit:name>sec</spirit:name>
        <spirit:wire>
          <spirit:direction>in</spirit:direction>
          <spirit:vector>
            <spirit:left spirit:format="long">9</spirit:left>
            <spirit:right spirit:format="long">0</spirit:right>
          </spirit:vector>
          <spirit:wireTypeDefs>
            <spirit:wireTypeDef>
              <spirit:typeName>std_logic_vector</spirit:typeName>
              <spirit:viewNameRef>xilinx_anylanguagesynthesis</spirit:viewNameRef>
              <spirit:viewNameRef>xilinx_anylanguagebehavioralsimulation</spirit:viewNameRef>
            </spirit:wireTypeDef>
          </spirit:wireTypeDefs>
        </spirit:wire>
      </spirit:port>
      <spirit:port>
        <spirit:name>o_data</spirit:name>
        <spirit:wire>
          <spirit:direction>out</spirit:direction>
          <spirit:vector>
            <spirit:left spirit:format="long">55</spirit:left>
            <spirit:right spirit:format="long">0</spirit:right>
          </spirit:vector>
          <spirit:wireTypeDefs>
            <spirit:wireTypeDef>
              <spirit:typeName>std_logic_vector</spirit:typeName>
              <spirit:viewNameRef>xilinx_anylanguagesynthesis</spirit:viewNameRef>
              <spirit:viewNameRef>xilinx_anylanguagebehavioralsimulation</spirit:viewNameRef>
            </spirit:wireTypeDef>
          </spirit:wireTypeDefs>
        </spirit:wire>
      </spirit:port>
      <spirit:port>
        <spirit:name>o_address</spirit:name>
        <spirit:wire>
          <spirit:direction>out</spirit:direction>
          <spirit:vector>
            <spirit:left spirit:format="long">2</spirit:left>
            <spirit:right spirit:format="long">0</spirit:right>
          </spirit:vector>
          <spirit:wireTypeDefs>
            <spirit:wireTypeDef>
              <spirit:typeName>std_logic_vector</spirit:typeName>
              <spirit:viewNameRef>xilinx_anylanguagesynthesis</spirit:viewNameRef>
              <spirit:viewNameRef>xilinx_anylanguagebehavioralsimulation</spirit:viewNameRef>
            </spirit:wireTypeDef>
          </spirit:wireTypeDefs>
        </spirit:wire>
      </spirit:port>
      <spirit:port>
        <spirit:name>o_gen_ready</spirit:name>
        <spirit:wire>
          <spirit:direction>out</spirit:direction>
          <spirit:wireTypeDefs>
            <spirit:wireTypeDef>
              <spirit:typeName>std_logic</spirit:typeName>
              <spirit:viewNameRef>xilinx_anylanguagesynthesis</spirit:viewNameRef>
              <spirit:viewNameRef>xilinx_anylanguagebehavioralsimulation</spirit:viewNameRef>
            </spirit:wireTypeDef>
          </spirit:wireTypeDefs>
        </spirit:wire>
      </spirit:port>
      <spirit:port>
        <spirit:name>we</spirit:name>
        <spirit:wire>
          <spirit:direction>out</spirit:direction>
          <spirit:wireTypeDefs>
            <spirit:wireTypeDef>
              <spirit:typeName>std_logic</spirit:typeName>
              <spirit:viewNameRef>xilinx_anylanguagesynthesis</spirit:viewNameRef>
              <spirit:viewNameRef>xilinx_anylanguagebehavioralsimulation</spirit:viewNameRef>
            </spirit:wireTypeDef>
          </spirit:wireTypeDefs>
        </spirit:wire>
      </spirit:port>
    </spirit:ports>
  </spirit:model>
  <spirit:fileSets>
    <spirit:fileSet>
      <spirit:name>xilinx_anylanguagesynthesis_view_fileset</spirit:name>
      <spirit:file>
        <spirit:name>../../ipshared/fa35/src/zybomon_data_package.vhd</spirit:name>
        <spirit:fileType>vhdlSource</spirit:fileType>
      </spirit:file>
      <spirit:file>
        <spirit:name>../../ipshared/fa35/src/data_generator.vhd</spirit:name>
        <spirit:fileType>vhdlSource</spirit:fileType>
      </spirit:file>
      <spirit:file>
        <spirit:name>../../ipshared/fa35/src/get_random.vhd</spirit:name>
        <spirit:fileType>vhdlSource</spirit:fileType>
      </spirit:file>
      <spirit:file>
        <spirit:name>../../ipshared/fa35/src/gen_test1.vhd</spirit:name>
        <spirit:fileType>vhdlSource</spirit:fileType>
      </spirit:file>
    </spirit:fileSet>
    <spirit:fileSet>
      <spirit:name>xilinx_vhdlsynthesiswrapper_view_fileset</spirit:name>
      <spirit:file>
        <spirit:name>synth/design_1_mon_generator_0_0.vhd</spirit:name>
        <spirit:fileType>vhdlSource</spirit:fileType>
        <spirit:logicalName>xil_defaultlib</spirit:logicalName>
      </spirit:file>
    </spirit:fileSet>
    <spirit:fileSet>
      <spirit:name>xilinx_anylanguagebehavioralsimulation_view_fileset</spirit:name>
      <spirit:file>
        <spirit:name>../../ipshared/fa35/src/zybomon_data_package.vhd</spirit:name>
        <spirit:fileType>vhdlSource</spirit:fileType>
      </spirit:file>
      <spirit:file>
        <spirit:name>../../ipshared/fa35/src/data_generator.vhd</spirit:name>
        <spirit:fileType>vhdlSource</spirit:fileType>
      </spirit:file>
      <spirit:file>
        <spirit:name>../../ipshared/fa35/src/get_random.vhd</spirit:name>
        <spirit:fileType>vhdlSource</spirit:fileType>
      </spirit:file>
      <spirit:file>
        <spirit:name>../../ipshared/fa35/src/gen_test1.vhd</spirit:name>
        <spirit:fileType>vhdlSource</spirit:fileType>
      </spirit:file>
    </spirit:fileSet>
    <spirit:fileSet>
      <spirit:name>xilinx_vhdlsimulationwrapper_view_fileset</spirit:name>
      <spirit:file>
        <spirit:name>sim/design_1_mon_generator_0_0.vhd</spirit:name>
        <spirit:fileType>vhdlSource</spirit:fileType>
        <spirit:logicalName>xil_defaultlib</spirit:logicalName>
      </spirit:file>
    </spirit:fileSet>
    <spirit:fileSet>
      <spirit:name>xilinx_externalfiles_view_fileset</spirit:name>
      <spirit:file>
        <spirit:name>design_1_mon_generator_0_0.dcp</spirit:name>
        <spirit:userFileType>dcp</spirit:userFileType>
        <spirit:userFileType>USED_IN_implementation</spirit:userFileType>
        <spirit:userFileType>USED_IN_synthesis</spirit:userFileType>
        <spirit:logicalName>xil_defaultlib</spirit:logicalName>
      </spirit:file>
      <spirit:file>
        <spirit:name>design_1_mon_generator_0_0_stub.v</spirit:name>
        <spirit:fileType>verilogSource</spirit:fileType>
        <spirit:userFileType>USED_IN_synth_blackbox_stub</spirit:userFileType>
        <spirit:logicalName>xil_defaultlib</spirit:logicalName>
      </spirit:file>
      <spirit:file>
        <spirit:name>design_1_mon_generator_0_0_stub.vhdl</spirit:name>
        <spirit:fileType>vhdlSource</spirit:fileType>
        <spirit:userFileType>USED_IN_synth_blackbox_stub</spirit:userFileType>
        <spirit:logicalName>xil_defaultlib</spirit:logicalName>
      </spirit:file>
      <spirit:file>
        <spirit:name>design_1_mon_generator_0_0_sim_netlist.v</spirit:name>
        <spirit:fileType>verilogSource</spirit:fileType>
        <spirit:userFileType>USED_IN_simulation</spirit:userFileType>
        <spirit:userFileType>USED_IN_single_language</spirit:userFileType>
        <spirit:logicalName>xil_defaultlib</spirit:logicalName>
      </spirit:file>
      <spirit:file>
        <spirit:name>design_1_mon_generator_0_0_sim_netlist.vhdl</spirit:name>
        <spirit:fileType>vhdlSource</spirit:fileType>
        <spirit:userFileType>USED_IN_simulation</spirit:userFileType>
        <spirit:userFileType>USED_IN_single_language</spirit:userFileType>
        <spirit:logicalName>xil_defaultlib</spirit:logicalName>
      </spirit:file>
    </spirit:fileSet>
  </spirit:fileSets>
  <spirit:description>mon_generator_v1_0</spirit:description>
  <spirit:parameters>
    <spirit:parameter>
      <spirit:name>Component_Name</spirit:name>
      <spirit:value spirit:resolve="user" spirit:id="PARAM_VALUE.Component_Name" spirit:order="1">design_1_mon_generator_0_0</spirit:value>
    </spirit:parameter>
  </spirit:parameters>
  <spirit:vendorExtensions>
    <xilinx:coreExtensions>
      <xilinx:displayName>mon_generator_v1_0</xilinx:displayName>
      <xilinx:definitionSource>package_project</xilinx:definitionSource>
      <xilinx:coreRevision>38</xilinx:coreRevision>
      <xilinx:tags>
        <xilinx:tag xilinx:name="ui.data.coregen.dd@573839c4_ARCHIVE_LOCATION">d:/U/2025/Primer semestre/SEP/proyecto 1/IEE2463-SEP-Proyecto-Z8/IPCORES/mon_generator</xilinx:tag>
        <xilinx:tag xilinx:name="ui.data.coregen.dd@a927e62_ARCHIVE_LOCATION">d:/U/2025/Primer semestre/SEP/proyecto 1/IEE2463-SEP-Proyecto-Z8/IPCORES/mon_generator</xilinx:tag>
        <xilinx:tag xilinx:name="ui.data.coregen.dd@5bd21896_ARCHIVE_LOCATION">d:/U/2025/Primer semestre/SEP/proyecto 1/IEE2463-SEP-Proyecto-Z8/IPCORES/mon_generator</xilinx:tag>
        <xilinx:tag xilinx:name="ui.data.coregen.dd@2e9ee7fb_ARCHIVE_LOCATION">d:/U/2025/Primer semestre/SEP/proyecto 1/IEE2463-SEP-Proyecto-Z8/IPCORES/mon_generator</xilinx:tag>
        <xilinx:tag xilinx:name="ui.data.coregen.dd@76b0fe60_ARCHIVE_LOCATION">d:/U/2025/Primer semestre/SEP/proyecto 1/IEE2463-SEP-Proyecto-Z8/IPCORES/mon_generator</xilinx:tag>
        <xilinx:tag xilinx:name="ui.data.coregen.dd@e0ed550_ARCHIVE_LOCATION">d:/U/2025/Primer_semestre/SEP/proyecto_1/IEE2463-SEP-Proyecto-Z8/IPCORES/mon_generator</xilinx:tag>
        <xilinx:tag xilinx:name="ui.data.coregen.dd@68a08b98_ARCHIVE_LOCATION">d:/U/2025/Primer_semestre/SEP/proyecto_1/IEE2463-SEP-Proyecto-Z8/IPCORES/mon_generator</xilinx:tag>
        <xilinx:tag xilinx:name="ui.data.coregen.dd@6d4321e0_ARCHIVE_LOCATION">d:/U/2025/Primer_semestre/SEP/proyecto_1/IEE2463-SEP-Proyecto-Z8/IPCORES/mon_generator</xilinx:tag>
        <xilinx:tag xilinx:name="ui.data.coregen.dd@55c3e8c4_ARCHIVE_LOCATION">d:/U/2025/Primer_semestre/SEP/proyecto_1/IEE2463-SEP-Proyecto-Z8/IPCORES/mon_generator</xilinx:tag>
        <xilinx:tag xilinx:name="ui.data.coregen.dd@6bc6ffaa_ARCHIVE_LOCATION">d:/U/2025/Primer_semestre/SEP/proyecto_1/IEE2463-SEP-Proyecto-Z8/IPCORES/mon_generator</xilinx:tag>
        <xilinx:tag xilinx:name="ui.data.coregen.dd@6ab52011_ARCHIVE_LOCATION">d:/U/2025/Primer_semestre/SEP/proyecto_1/IEE2463-SEP-Proyecto-Z8/IPCORES/mon_generator</xilinx:tag>
        <xilinx:tag xilinx:name="ui.data.coregen.dd@5dc4dcbc_ARCHIVE_LOCATION">d:/U/2025/Primer_semestre/SEP/proyecto_1/IEE2463-SEP-Proyecto-Z8/IPCORES/mon_generator</xilinx:tag>
        <xilinx:tag xilinx:name="ui.data.coregen.dd@3590d955_ARCHIVE_LOCATION">d:/U/2025/Primer_semestre/SEP/proyecto_1/IEE2463-SEP-Proyecto-Z8/IPCORES/mon_generator</xilinx:tag>
        <xilinx:tag xilinx:name="ui.data.coregen.dd@4ff3cefc_ARCHIVE_LOCATION">d:/U/2025/Primer_semestre/SEP/proyecto_1/IEE2463-SEP-Proyecto-Z8/IPCORES/mon_generator</xilinx:tag>
        <xilinx:tag xilinx:name="ui.data.coregen.dd@651ae90b_ARCHIVE_LOCATION">d:/U/2025/Primer_semestre/SEP/proyecto_1/IEE2463-SEP-Proyecto-Z8/IPCORES/mon_generator</xilinx:tag>
        <xilinx:tag xilinx:name="ui.data.coregen.dd@391fa863_ARCHIVE_LOCATION">d:/U/2025/Primer_semestre/SEP/proyecto_1/IEE2463-SEP-Proyecto-Z8/IPCORES/mon_generator</xilinx:tag>
        <xilinx:tag xilinx:name="ui.data.coregen.dd@3c47659c_ARCHIVE_LOCATION">d:/U/2025/Primer_semestre/SEP/proyecto_1/IEE2463-SEP-Proyecto-Z8/IPCORES/mon_generator</xilinx:tag>
        <xilinx:tag xilinx:name="ui.data.coregen.dd@2ee8ebfc_ARCHIVE_LOCATION">d:/U/2025/Primer_semestre/SEP/proyecto_1/IEE2463-SEP-Proyecto-Z8/IPCORES/mon_generator</xilinx:tag>
        <xilinx:tag xilinx:name="ui.data.coregen.dd@1e6783a9_ARCHIVE_LOCATION">d:/U/2025/Primer_semestre/SEP/proyecto_1/IEE2463-SEP-Proyecto-Z8/IPCORES/mon_generator</xilinx:tag>
        <xilinx:tag xilinx:name="ui.data.coregen.dd@2e6cf0ae_ARCHIVE_LOCATION">d:/U/2025/Primer_semestre/SEP/proyecto_1/IEE2463-SEP-Proyecto-Z8/IPCORES/mon_generator</xilinx:tag>
        <xilinx:tag xilinx:name="ui.data.coregen.dd@54f970f8_ARCHIVE_LOCATION">d:/U/2025/Primer_semestre/SEP/proyecto_1/IEE2463-SEP-Proyecto-Z8/IPCORES/mon_generator</xilinx:tag>
        <xilinx:tag xilinx:name="ui.data.coregen.dd@75e74f15_ARCHIVE_LOCATION">d:/U/2025/Primer_semestre/SEP/proyecto_1/IEE2463-SEP-Proyecto-Z8/IPCORES/mon_generator</xilinx:tag>
        <xilinx:tag xilinx:name="ui.data.coregen.dd@45519aed_ARCHIVE_LOCATION">d:/U/2025/Primer_semestre/SEP/proyecto_1/IEE2463-SEP-Proyecto-Z8/IPCORES/mon_generator</xilinx:tag>
        <xilinx:tag xilinx:name="ui.data.coregen.dd@74ca3618_ARCHIVE_LOCATION">d:/U/2025/Primer_semestre/SEP/proyecto_1/IEE2463-SEP-Proyecto-Z8/IPCORES/mon_generator</xilinx:tag>
        <xilinx:tag xilinx:name="ui.data.coregen.dd@44738112_ARCHIVE_LOCATION">d:/U/2025/Primer_semestre/SEP/proyecto_1/IEE2463-SEP-Proyecto-Z8/IPCORES/mon_generator</xilinx:tag>
        <xilinx:tag xilinx:name="ui.data.coregen.dd@691e467e_ARCHIVE_LOCATION">d:/U/2025/Primer_semestre/SEP/proyecto_1/IEE2463-SEP-Proyecto-Z8/IPCORES/mon_generator</xilinx:tag>
        <xilinx:tag xilinx:name="ui.data.coregen.dd@21b0f370_ARCHIVE_LOCATION">d:/U/2025/Primer_semestre/SEP/proyecto_1/IEE2463-SEP-Proyecto-Z8/IPCORES/mon_generator</xilinx:tag>
        <xilinx:tag xilinx:name="ui.data.coregen.dd@2db70627_ARCHIVE_LOCATION">d:/U/2025/Primer_semestre/SEP/proyecto_1/IEE2463-SEP-Proyecto-Z8/IPCORES/mon_generator</xilinx:tag>
        <xilinx:tag xilinx:name="ui.data.coregen.dd@556734c_ARCHIVE_LOCATION">d:/U/2025/Primer_semestre/SEP/proyecto_1/IEE2463-SEP-Proyecto-Z8/IPCORES/mon_generator</xilinx:tag>
        <xilinx:tag xilinx:name="ui.data.coregen.dd@45dae381_ARCHIVE_LOCATION">d:/U/2025/Primer_semestre/SEP/proyecto_1/IEE2463-SEP-Proyecto-Z8/IPCORES/mon_generator</xilinx:tag>
        <xilinx:tag xilinx:name="ui.data.coregen.dd@388e5190_ARCHIVE_LOCATION">d:/U/2025/Primer_semestre/SEP/proyecto_1/IEE2463-SEP-Proyecto-Z8/IPCORES/mon_generator</xilinx:tag>
        <xilinx:tag xilinx:name="ui.data.coregen.dd@283d27fc_ARCHIVE_LOCATION">d:/U/2025/Primer_semestre/SEP/proyecto_1/IEE2463-SEP-Proyecto-Z8/IPCORES/mon_generator</xilinx:tag>
        <xilinx:tag xilinx:name="ui.data.coregen.dd@6ee50758_ARCHIVE_LOCATION">d:/U/2025/Primer_semestre/SEP/proyecto_1/IEE2463-SEP-Proyecto-Z8/IPCORES/mon_generator</xilinx:tag>
        <xilinx:tag xilinx:name="ui.data.coregen.dd@3063c1d9_ARCHIVE_LOCATION">d:/U/2025/Primer_semestre/SEP/proyecto_1/IEE2463-SEP-Proyecto-Z8/IPCORES/mon_generator</xilinx:tag>
        <xilinx:tag xilinx:name="ui.data.coregen.dd@418217ff_ARCHIVE_LOCATION">d:/U/2025/Primer_semestre/SEP/proyecto_1/IEE2463-SEP-Proyecto-Z8/IPCORES/mon_generator</xilinx:tag>
        <xilinx:tag xilinx:name="ui.data.coregen.dd@61085100_ARCHIVE_LOCATION">d:/U/2025/Primer_semestre/SEP/proyecto_1/IEE2463-SEP-Proyecto-Z8/IPCORES/mon_generator</xilinx:tag>
        <xilinx:tag xilinx:name="ui.data.coregen.dd@9d71410_ARCHIVE_LOCATION">d:/U/2025/Primer_semestre/SEP/proyecto_1/IEE2463-SEP-Proyecto-Z8/IPCORES/mon_generator</xilinx:tag>
        <xilinx:tag xilinx:name="ui.data.coregen.dd@101a5f8_ARCHIVE_LOCATION">d:/U/2025/Primer_semestre/SEP/proyecto_1/IEE2463-SEP-Proyecto-Z8/IPCORES/mon_generator</xilinx:tag>
        <xilinx:tag xilinx:name="ui.data.coregen.dd@6c9f3dfb_ARCHIVE_LOCATION">d:/U/2025/Primer_semestre/SEP/proyecto_1/IEE2463-SEP-Proyecto-Z8/IPCORES/mon_generator</xilinx:tag>
        <xilinx:tag xilinx:name="ui.data.coregen.dd@22d16a5d_ARCHIVE_LOCATION">d:/U/2025/Primer_semestre/SEP/proyecto_1/IEE2463-SEP-Proyecto-Z8/IPCORES/mon_generator</xilinx:tag>
        <xilinx:tag xilinx:name="ui.data.coregen.dd@7b94e08d_ARCHIVE_LOCATION">d:/U/2025/Primer_semestre/SEP/proyecto_1/IEE2463-SEP-Proyecto-Z8/IPCORES/mon_generator</xilinx:tag>
        <xilinx:tag xilinx:name="ui.data.coregen.dd@297f2d6f_ARCHIVE_LOCATION">d:/U/2025/Primer_semestre/SEP/proyecto_1/IEE2463-SEP-Proyecto-Z8/IPCORES/mon_generator</xilinx:tag>
        <xilinx:tag xilinx:name="ui.data.coregen.dd@2d5991cb_ARCHIVE_LOCATION">d:/U/2025/Primer_semestre/SEP/proyecto_1/IEE2463-SEP-Proyecto-Z8/IPCORES/mon_generator</xilinx:tag>
        <xilinx:tag xilinx:name="ui.data.coregen.dd@44fc7b8c_ARCHIVE_LOCATION">d:/U/2025/Primer_semestre/SEP/proyecto_1/IEE2463-SEP-Proyecto-Z8/IPCORES/mon_generator</xilinx:tag>
        <xilinx:tag xilinx:name="ui.data.coregen.dd@35ab9b76_ARCHIVE_LOCATION">d:/U/2025/Primer_semestre/SEP/proyecto_1/IEE2463-SEP-Proyecto-Z8/IPCORES/mon_generator</xilinx:tag>
        <xilinx:tag xilinx:name="ui.data.coregen.dd@65556cf5_ARCHIVE_LOCATION">d:/U/2025/Primer_semestre/SEP/proyecto_1/IEE2463-SEP-Proyecto-Z8/IPCORES/mon_generator</xilinx:tag>
        <xilinx:tag xilinx:name="ui.data.coregen.dd@76c016d0_ARCHIVE_LOCATION">d:/U/2025/Primer_semestre/SEP/proyecto_1/IEE2463-SEP-Proyecto-Z8/IPCORES/mon_generator</xilinx:tag>
        <xilinx:tag xilinx:name="ui.data.coregen.dd@6f714f07_ARCHIVE_LOCATION">d:/U/2025/Primer_semestre/SEP/proyecto_1/IEE2463-SEP-Proyecto-Z8/IPCORES/mon_generator</xilinx:tag>
        <xilinx:tag xilinx:name="ui.data.coregen.dd@7bae17f7_ARCHIVE_LOCATION">d:/U/2025/Primer_semestre/SEP/proyecto_1/IEE2463-SEP-Proyecto-Z8/IPCORES/mon_generator</xilinx:tag>
        <xilinx:tag xilinx:name="ui.data.coregen.dd@31589cc7_ARCHIVE_LOCATION">d:/U/2025/Primer_semestre/SEP/proyecto_1/IEE2463-SEP-Proyecto-Z8/IPCORES/mon_generator</xilinx:tag>
        <xilinx:tag xilinx:name="ui.data.coregen.dd@8a500af_ARCHIVE_LOCATION">d:/U/2025/Primer_semestre/SEP/proyecto_1/IEE2463-SEP-Proyecto-Z8/IPCORES/mon_generator</xilinx:tag>
        <xilinx:tag xilinx:name="ui.data.coregen.dd@155bc6e9_ARCHIVE_LOCATION">d:/U/2025/Primer_semestre/SEP/proyecto_1/IEE2463-SEP-Proyecto-Z8/IPCORES/mon_generator</xilinx:tag>
        <xilinx:tag xilinx:name="ui.data.coregen.dd@495cc7e9_ARCHIVE_LOCATION">d:/U/2025/Primer_semestre/SEP/proyecto_1/IEE2463-SEP-Proyecto-Z8/IPCORES/mon_generator</xilinx:tag>
        <xilinx:tag xilinx:name="ui.data.coregen.dd@4aab153c_ARCHIVE_LOCATION">d:/U/2025/Primer_semestre/SEP/proyecto_1/IEE2463-SEP-Proyecto-Z8/IPCORES/mon_generator</xilinx:tag>
        <xilinx:tag xilinx:name="ui.data.coregen.dd@5a779ec6_ARCHIVE_LOCATION">d:/U/2025/Primer_semestre/SEP/proyecto_1/IEE2463-SEP-Proyecto-Z8/IPCORES/mon_generator</xilinx:tag>
        <xilinx:tag xilinx:name="ui.data.coregen.dd@32f3879_ARCHIVE_LOCATION">d:/U/2025/Primer_semestre/SEP/proyecto_1/IEE2463-SEP-Proyecto-Z8/IPCORES/mon_generator</xilinx:tag>
        <xilinx:tag xilinx:name="ui.data.coregen.dd@41f9736b_ARCHIVE_LOCATION">d:/U/2025/Primer_semestre/SEP/proyecto_1/IEE2463-SEP-Proyecto-Z8/IPCORES/mon_generator</xilinx:tag>
        <xilinx:tag xilinx:name="ui.data.coregen.dd@53bf0876_ARCHIVE_LOCATION">d:/U/2025/Primer_semestre/SEP/proyecto_1/IEE2463-SEP-Proyecto-Z8/IPCORES/mon_generator</xilinx:tag>
        <xilinx:tag xilinx:name="ui.data.coregen.dd@140910d2_ARCHIVE_LOCATION">d:/U/2025/Primer_semestre/SEP/proyecto_1/IEE2463-SEP-Proyecto-Z8/IPCORES/mon_generator</xilinx:tag>
        <xilinx:tag xilinx:name="ui.data.coregen.dd@311ec358_ARCHIVE_LOCATION">d:/U/2025/Primer_semestre/SEP/proyecto_1/IEE2463-SEP-Proyecto-Z8/IPCORES/mon_generator</xilinx:tag>
        <xilinx:tag xilinx:name="ui.data.coregen.dd@45eec0a6_ARCHIVE_LOCATION">d:/U/2025/Primer_semestre/SEP/proyecto_1/IEE2463-SEP-Proyecto-Z8/IPCORES/mon_generator</xilinx:tag>
        <xilinx:tag xilinx:name="ui.data.coregen.dd@1699f62b_ARCHIVE_LOCATION">d:/U/2025/Primer_semestre/SEP/proyecto_1/IEE2463-SEP-Proyecto-Z8/IPCORES/mon_generator</xilinx:tag>
        <xilinx:tag xilinx:name="ui.data.coregen.dd@75297554_ARCHIVE_LOCATION">d:/U/2025/Primer_semestre/SEP/proyecto_1/IEE2463-SEP-Proyecto-Z8/IPCORES/mon_generator</xilinx:tag>
        <xilinx:tag xilinx:name="ui.data.coregen.dd@75f65e07_ARCHIVE_LOCATION">d:/U/2025/Primer_semestre/SEP/proyecto_1/IEE2463-SEP-Proyecto-Z8/IPCORES/mon_generator</xilinx:tag>
        <xilinx:tag xilinx:name="ui.data.coregen.dd@78f51524_ARCHIVE_LOCATION">d:/U/2025/Primer_semestre/SEP/proyecto_1/IEE2463-SEP-Proyecto-Z8/IPCORES/mon_generator</xilinx:tag>
        <xilinx:tag xilinx:name="ui.data.coregen.dd@31c026f1_ARCHIVE_LOCATION">d:/U/2025/Primer_semestre/SEP/proyecto_1/IEE2463-SEP-Proyecto-Z8/IPCORES/mon_generator</xilinx:tag>
        <xilinx:tag xilinx:name="ui.data.coregen.dd@5970beea_ARCHIVE_LOCATION">d:/U/2025/Primer_semestre/SEP/proyecto_1/IEE2463-SEP-Proyecto-Z8/IPCORES/mon_generator</xilinx:tag>
        <xilinx:tag xilinx:name="ui.data.coregen.dd@7dfcc2b0_ARCHIVE_LOCATION">d:/U/2025/Primer_semestre/SEP/proyecto_1/IEE2463-SEP-Proyecto-Z8/IPCORES/mon_generator</xilinx:tag>
        <xilinx:tag xilinx:name="ui.data.coregen.dd@19644976_ARCHIVE_LOCATION">d:/U/2025/Primer_semestre/SEP/proyecto_1/IEE2463-SEP-Proyecto-Z8/IPCORES/mon_generator</xilinx:tag>
        <xilinx:tag xilinx:name="ui.data.coregen.dd@48514188_ARCHIVE_LOCATION">d:/U/2025/Primer_semestre/SEP/proyecto_1/IEE2463-SEP-Proyecto-Z8/IPCORES/mon_generator</xilinx:tag>
        <xilinx:tag xilinx:name="ui.data.coregen.dd@5f67b13c_ARCHIVE_LOCATION">d:/U/2025/Primer_semestre/SEP/proyecto_1/IEE2463-SEP-Proyecto-Z8/IPCORES/mon_generator</xilinx:tag>
        <xilinx:tag xilinx:name="ui.data.coregen.dd@4b6d4a7e_ARCHIVE_LOCATION">d:/U/2025/Primer_semestre/SEP/proyecto_1/IEE2463-SEP-Proyecto-Z8/IPCORES/mon_generator</xilinx:tag>
        <xilinx:tag xilinx:name="ui.data.coregen.dd@6118af19_ARCHIVE_LOCATION">d:/U/2025/Primer_semestre/SEP/proyecto_1/IEE2463-SEP-Proyecto-Z8/IPCORES/mon_generator</xilinx:tag>
        <xilinx:tag xilinx:name="ui.data.coregen.dd@2729b8e1_ARCHIVE_LOCATION">d:/U/2025/Primer_semestre/SEP/proyecto_1/IEE2463-SEP-Proyecto-Z8/IPCORES/mon_generator</xilinx:tag>
        <xilinx:tag xilinx:name="ui.data.coregen.dd@6df1b82f_ARCHIVE_LOCATION">d:/U/2025/Primer_semestre/SEP/proyecto_1/IEE2463-SEP-Proyecto-Z8/IPCORES/mon_generator</xilinx:tag>
        <xilinx:tag xilinx:name="ui.data.coregen.dd@51bea19d_ARCHIVE_LOCATION">d:/U/2025/Primer_semestre/SEP/proyecto_1/IEE2463-SEP-Proyecto-Z8/IPCORES/mon_generator</xilinx:tag>
        <xilinx:tag xilinx:name="ui.data.coregen.dd@33f8c3cd_ARCHIVE_LOCATION">d:/U/2025/Primer_semestre/SEP/proyecto_1/IEE2463-SEP-Proyecto-Z8/IPCORES/mon_generator</xilinx:tag>
        <xilinx:tag xilinx:name="ui.data.coregen.dd@7f7a31b2_ARCHIVE_LOCATION">d:/U/2025/Primer_semestre/SEP/proyecto_1/IEE2463-SEP-Proyecto-Z8/IPCORES/mon_generator</xilinx:tag>
        <xilinx:tag xilinx:name="ui.data.coregen.dd@7f7dc92c_ARCHIVE_LOCATION">d:/U/2025/Primer_semestre/SEP/proyecto_1/IEE2463-SEP-Proyecto-Z8/IPCORES/mon_generator</xilinx:tag>
        <xilinx:tag xilinx:name="ui.data.coregen.dd@cbd984a_ARCHIVE_LOCATION">d:/U/2025/Primer_semestre/SEP/proyecto_1/IEE2463-SEP-Proyecto-Z8/IPCORES/mon_generator</xilinx:tag>
        <xilinx:tag xilinx:name="ui.data.coregen.dd@3281e7f0_ARCHIVE_LOCATION">d:/U/2025/Primer_semestre/SEP/proyecto_1/IEE2463-SEP-Proyecto-Z8/IPCORES/mon_generator</xilinx:tag>
        <xilinx:tag xilinx:name="ui.data.coregen.dd@60ef15c7_ARCHIVE_LOCATION">d:/U/2025/Primer_semestre/SEP/proyecto_1/IEE2463-SEP-Proyecto-Z8/IPCORES/mon_generator</xilinx:tag>
        <xilinx:tag xilinx:name="ui.data.coregen.dd@3c0e8268_ARCHIVE_LOCATION">d:/U/2025/Primer_semestre/SEP/proyecto_1/IEE2463-SEP-Proyecto-Z8/IPCORES/mon_generator</xilinx:tag>
        <xilinx:tag xilinx:name="ui.data.coregen.dd@134e7975_ARCHIVE_LOCATION">d:/U/2025/Primer_semestre/SEP/proyecto_1/IEE2463-SEP-Proyecto-Z8/IPCORES/mon_generator</xilinx:tag>
        <xilinx:tag xilinx:name="ui.data.coregen.dd@50abd7b2_ARCHIVE_LOCATION">d:/U/2025/Primer_semestre/SEP/proyecto_1/IEE2463-SEP-Proyecto-Z8/IPCORES/mon_generator</xilinx:tag>
        <xilinx:tag xilinx:name="ui.data.coregen.dd@6f6756cb_ARCHIVE_LOCATION">d:/U/2025/Primer_semestre/SEP/proyecto_1/IEE2463-SEP-Proyecto-Z8/IPCORES/mon_generator</xilinx:tag>
        <xilinx:tag xilinx:name="ui.data.coregen.dd@40c0fad3_ARCHIVE_LOCATION">d:/U/2025/Primer_semestre/SEP/proyecto_1/IEE2463-SEP-Proyecto-Z8/IPCORES/mon_generator</xilinx:tag>
        <xilinx:tag xilinx:name="ui.data.coregen.dd@67d8987d_ARCHIVE_LOCATION">d:/U/2025/Primer_semestre/SEP/proyecto_1/IEE2463-SEP-Proyecto-Z8/IPCORES/mon_generator</xilinx:tag>
        <xilinx:tag xilinx:name="ui.data.coregen.dd@328f5e86_ARCHIVE_LOCATION">d:/U/2025/Primer_semestre/SEP/proyecto_1/IEE2463-SEP-Proyecto-Z8/IPCORES/mon_generator</xilinx:tag>
        <xilinx:tag xilinx:name="ui.data.coregen.dd@53fa8b7c_ARCHIVE_LOCATION">d:/U/2025/Primer_semestre/SEP/proyecto_1/IEE2463-SEP-Proyecto-Z8/IPCORES/mon_generator</xilinx:tag>
        <xilinx:tag xilinx:name="ui.data.coregen.dd@37b755a_ARCHIVE_LOCATION">d:/U/2025/Primer_semestre/SEP/proyecto_1/IEE2463-SEP-Proyecto-Z8/IPCORES/mon_generator</xilinx:tag>
        <xilinx:tag xilinx:name="ui.data.coregen.dd@4a05b8b5_ARCHIVE_LOCATION">d:/U/2025/Primer_semestre/SEP/proyecto_1/IEE2463-SEP-Proyecto-Z8/IPCORES/mon_generator</xilinx:tag>
        <xilinx:tag xilinx:name="ui.data.coregen.dd@33214b86_ARCHIVE_LOCATION">d:/U/2025/Primer_semestre/SEP/proyecto_1/IEE2463-SEP-Proyecto-Z8/IPCORES/mon_generator</xilinx:tag>
        <xilinx:tag xilinx:name="ui.data.coregen.dd@e25f39f_ARCHIVE_LOCATION">d:/U/2025/Primer_semestre/SEP/proyecto_1/IEE2463-SEP-Proyecto-Z8/IPCORES/mon_generator</xilinx:tag>
        <xilinx:tag xilinx:name="ui.data.coregen.dd@4a3c78b2_ARCHIVE_LOCATION">d:/U/2025/Primer_semestre/SEP/proyecto_1/IEE2463-SEP-Proyecto-Z8/IPCORES/mon_generator</xilinx:tag>
        <xilinx:tag xilinx:name="ui.data.coregen.dd@4cafae04_ARCHIVE_LOCATION">d:/U/2025/Primer_semestre/SEP/proyecto_1/IEE2463-SEP-Proyecto-Z8/IPCORES/mon_generator</xilinx:tag>
        <xilinx:tag xilinx:name="ui.data.coregen.dd@5308f175_ARCHIVE_LOCATION">d:/U/2025/Primer_semestre/SEP/proyecto_1/IEE2463-SEP-Proyecto-Z8/IPCORES/mon_generator</xilinx:tag>
        <xilinx:tag xilinx:name="ui.data.coregen.dd@cc19a45_ARCHIVE_LOCATION">d:/U/2025/Primer_semestre/SEP/proyecto_1/IEE2463-SEP-Proyecto-Z8/IPCORES/mon_generator</xilinx:tag>
        <xilinx:tag xilinx:name="ui.data.coregen.dd@57571beb_ARCHIVE_LOCATION">d:/U/2025/Primer_semestre/SEP/proyecto_1/IEE2463-SEP-Proyecto-Z8/IPCORES/mon_generator</xilinx:tag>
        <xilinx:tag xilinx:name="ui.data.coregen.dd@1abc69e5_ARCHIVE_LOCATION">d:/U/2025/Primer_semestre/SEP/proyecto_1/IEE2463-SEP-Proyecto-Z8/IPCORES/mon_generator</xilinx:tag>
        <xilinx:tag xilinx:name="ui.data.coregen.dd@79d0e72d_ARCHIVE_LOCATION">d:/U/2025/Primer_semestre/SEP/proyecto_1/IEE2463-SEP-Proyecto-Z8/IPCORES/mon_generator</xilinx:tag>
        <xilinx:tag xilinx:name="ui.data.coregen.dd@483e5931_ARCHIVE_LOCATION">d:/U/2025/Primer_semestre/SEP/proyecto_1/IEE2463-SEP-Proyecto-Z8/IPCORES/mon_generator</xilinx:tag>
        <xilinx:tag xilinx:name="ui.data.coregen.dd@133ce0f3_ARCHIVE_LOCATION">d:/U/2025/Primer_semestre/SEP/proyecto_1/IEE2463-SEP-Proyecto-Z8/IPCORES/mon_generator</xilinx:tag>
        <xilinx:tag xilinx:name="ui.data.coregen.dd@2d0de22f_ARCHIVE_LOCATION">d:/U/2025/Primer_semestre/SEP/proyecto_1/IEE2463-SEP-Proyecto-Z8/IPCORES/mon_generator</xilinx:tag>
        <xilinx:tag xilinx:name="ui.data.coregen.dd@4011817f_ARCHIVE_LOCATION">d:/U/2025/Primer_semestre/SEP/proyecto_1/IEE2463-SEP-Proyecto-Z8/IPCORES/mon_generator</xilinx:tag>
        <xilinx:tag xilinx:name="ui.data.coregen.dd@913d0e0_ARCHIVE_LOCATION">d:/U/2025/Primer_semestre/SEP/proyecto_1/IEE2463-SEP-Proyecto-Z8/IPCORES/mon_generator</xilinx:tag>
        <xilinx:tag xilinx:name="ui.data.coregen.dd@162b200b_ARCHIVE_LOCATION">d:/U/2025/Primer_semestre/SEP/proyecto_1/IEE2463-SEP-Proyecto-Z8/IPCORES/mon_generator</xilinx:tag>
        <xilinx:tag xilinx:name="ui.data.coregen.dd@3707eae6_ARCHIVE_LOCATION">d:/U/2025/Primer_semestre/SEP/proyecto_1/IEE2463-SEP-Proyecto-Z8/IPCORES/mon_generator</xilinx:tag>
        <xilinx:tag xilinx:name="ui.data.coregen.dd@19833eae_ARCHIVE_LOCATION">d:/U/2025/Primer_semestre/SEP/proyecto_1/IEE2463-SEP-Proyecto-Z8/IPCORES/mon_generator</xilinx:tag>
        <xilinx:tag xilinx:name="ui.data.coregen.dd@6a56aea2_ARCHIVE_LOCATION">d:/U/2025/Primer_semestre/SEP/proyecto_1/IEE2463-SEP-Proyecto-Z8/IPCORES/mon_generator</xilinx:tag>
        <xilinx:tag xilinx:name="ui.data.coregen.dd@5780f0fd_ARCHIVE_LOCATION">d:/U/2025/Primer_semestre/SEP/proyecto_1/IEE2463-SEP-Proyecto-Z8/IPCORES/mon_generator</xilinx:tag>
        <xilinx:tag xilinx:name="ui.data.coregen.dd@2263b2b9_ARCHIVE_LOCATION">d:/U/2025/Primer_semestre/SEP/proyecto_1/IEE2463-SEP-Proyecto-Z8/IPCORES/mon_generator</xilinx:tag>
        <xilinx:tag xilinx:name="ui.data.coregen.dd@5aca7d8e_ARCHIVE_LOCATION">d:/U/2025/Primer_semestre/SEP/proyecto_1/IEE2463-SEP-Proyecto-Z8/IPCORES/mon_generator</xilinx:tag>
        <xilinx:tag xilinx:name="ui.data.coregen.dd@5099d1ab_ARCHIVE_LOCATION">d:/U/2025/Primer_semestre/SEP/proyecto_1/IEE2463-SEP-Proyecto-Z8/IPCORES/mon_generator</xilinx:tag>
        <xilinx:tag xilinx:name="ui.data.coregen.dd@3fedf8bf_ARCHIVE_LOCATION">d:/U/2025/Primer_semestre/SEP/proyecto_1/IEE2463-SEP-Proyecto-Z8/IPCORES/mon_generator</xilinx:tag>
        <xilinx:tag xilinx:name="ui.data.coregen.dd@6022a587_ARCHIVE_LOCATION">d:/U/2025/Primer_semestre/SEP/proyecto_1/IEE2463-SEP-Proyecto-Z8/IPCORES/mon_generator</xilinx:tag>
        <xilinx:tag xilinx:name="ui.data.coregen.dd@383bfdf0_ARCHIVE_LOCATION">d:/U/2025/Primer_semestre/SEP/proyecto_1/IEE2463-SEP-Proyecto-Z8/IPCORES/mon_generator</xilinx:tag>
        <xilinx:tag xilinx:name="ui.data.coregen.dd@39633b82_ARCHIVE_LOCATION">d:/U/2025/Primer_semestre/SEP/proyecto_1/IEE2463-SEP-Proyecto-Z8/IPCORES/mon_generator</xilinx:tag>
        <xilinx:tag xilinx:name="ui.data.coregen.dd@19499174_ARCHIVE_LOCATION">d:/U/2025/Primer_semestre/SEP/proyecto_1/IEE2463-SEP-Proyecto-Z8/IPCORES/mon_generator</xilinx:tag>
        <xilinx:tag xilinx:name="ui.data.coregen.dd@3027560c_ARCHIVE_LOCATION">d:/U/2025/Primer_semestre/SEP/proyecto_1/IEE2463-SEP-Proyecto-Z8/IPCORES/mon_generator</xilinx:tag>
        <xilinx:tag xilinx:name="ui.data.coregen.dd@2e6d96a_ARCHIVE_LOCATION">d:/U/2025/Primer_semestre/SEP/proyecto_1/IEE2463-SEP-Proyecto-Z8/IPCORES/mon_generator</xilinx:tag>
        <xilinx:tag xilinx:name="ui.data.coregen.dd@11caf807_ARCHIVE_LOCATION">d:/U/2025/Primer_semestre/SEP/proyecto_1/IEE2463-SEP-Proyecto-Z8/IPCORES/mon_generator</xilinx:tag>
        <xilinx:tag xilinx:name="ui.data.coregen.dd@7c8980a3_ARCHIVE_LOCATION">d:/U/2025/Primer_semestre/SEP/proyecto_1/IEE2463-SEP-Proyecto-Z8/IPCORES/mon_generator</xilinx:tag>
        <xilinx:tag xilinx:name="ui.data.coregen.dd@63fb6cba_ARCHIVE_LOCATION">d:/U/2025/Primer_semestre/SEP/proyecto_1/IEE2463-SEP-Proyecto-Z8/IPCORES/mon_generator</xilinx:tag>
        <xilinx:tag xilinx:name="ui.data.coregen.dd@1de2635d_ARCHIVE_LOCATION">d:/U/2025/Primer_semestre/SEP/proyecto_1/IEE2463-SEP-Proyecto-Z8/IPCORES/mon_generator</xilinx:tag>
        <xilinx:tag xilinx:name="ui.data.coregen.dd@443aa833_ARCHIVE_LOCATION">d:/U/2025/Primer_semestre/SEP/proyecto_1/IEE2463-SEP-Proyecto-Z8/IPCORES/mon_generator</xilinx:tag>
        <xilinx:tag xilinx:name="ui.data.coregen.dd@22c19313_ARCHIVE_LOCATION">d:/U/2025/Primer_semestre/SEP/proyecto_1/IEE2463-SEP-Proyecto-Z8/IPCORES/mon_generator</xilinx:tag>
        <xilinx:tag xilinx:name="ui.data.coregen.dd@174833c0_ARCHIVE_LOCATION">d:/U/2025/Primer_semestre/SEP/proyecto_1/IEE2463-SEP-Proyecto-Z8/IPCORES/mon_generator</xilinx:tag>
        <xilinx:tag xilinx:name="ui.data.coregen.dd@64dc4e7a_ARCHIVE_LOCATION">d:/U/2025/Primer_semestre/SEP/proyecto_1/IEE2463-SEP-Proyecto-Z8/IPCORES/mon_generator</xilinx:tag>
        <xilinx:tag xilinx:name="ui.data.coregen.dd@7bf17368_ARCHIVE_LOCATION">d:/U/2025/Primer_semestre/SEP/proyecto_1/IEE2463-SEP-Proyecto-Z8/IPCORES/mon_generator</xilinx:tag>
        <xilinx:tag xilinx:name="ui.data.coregen.dd@5e305794_ARCHIVE_LOCATION">d:/U/2025/Primer_semestre/SEP/proyecto_1/IEE2463-SEP-Proyecto-Z8/IPCORES/mon_generator</xilinx:tag>
        <xilinx:tag xilinx:name="ui.data.coregen.dd@68f2a43d_ARCHIVE_LOCATION">d:/U/2025/Primer_semestre/SEP/proyecto_1/IEE2463-SEP-Proyecto-Z8/IPCORES/mon_generator</xilinx:tag>
        <xilinx:tag xilinx:name="ui.data.coregen.dd@24402ab5_ARCHIVE_LOCATION">d:/U/2025/Primer_semestre/SEP/proyecto_1/IEE2463-SEP-Proyecto-Z8/IPCORES/mon_generator</xilinx:tag>
        <xilinx:tag xilinx:name="ui.data.coregen.dd@2645b81a_ARCHIVE_LOCATION">d:/U/2025/Primer_semestre/SEP/proyecto_1/IEE2463-SEP-Proyecto-Z8/IPCORES/mon_generator</xilinx:tag>
        <xilinx:tag xilinx:name="ui.data.coregen.dd@147311be_ARCHIVE_LOCATION">d:/U/2025/Primer_semestre/SEP/proyecto_1/IEE2463-SEP-Proyecto-Z8/IPCORES/mon_generator</xilinx:tag>
        <xilinx:tag xilinx:name="ui.data.coregen.dd@2f036c7_ARCHIVE_LOCATION">d:/U/2025/Primer_semestre/SEP/proyecto_1/IEE2463-SEP-Proyecto-Z8/IPCORES/mon_generator</xilinx:tag>
        <xilinx:tag xilinx:name="ui.data.coregen.dd@33b779e0_ARCHIVE_LOCATION">d:/U/2025/Primer_semestre/SEP/proyecto_1/IEE2463-SEP-Proyecto-Z8/IPCORES/mon_generator</xilinx:tag>
        <xilinx:tag xilinx:name="ui.data.coregen.dd@6e7c14b8_ARCHIVE_LOCATION">d:/U/2025/Primer_semestre/SEP/proyecto_1/IEE2463-SEP-Proyecto-Z8/IPCORES/mon_generator</xilinx:tag>
        <xilinx:tag xilinx:name="ui.data.coregen.dd@43f47a81_ARCHIVE_LOCATION">d:/U/2025/Primer_semestre/SEP/proyecto_1/IEE2463-SEP-Proyecto-Z8/IPCORES/mon_generator</xilinx:tag>
        <xilinx:tag xilinx:name="ui.data.coregen.dd@8158e8b_ARCHIVE_LOCATION">d:/U/2025/Primer_semestre/SEP/proyecto_1/IEE2463-SEP-Proyecto-Z8/IPCORES/mon_generator</xilinx:tag>
        <xilinx:tag xilinx:name="ui.data.coregen.dd@de25410_ARCHIVE_LOCATION">d:/U/2025/Primer_semestre/SEP/proyecto_1/IEE2463-SEP-Proyecto-Z8/IPCORES/mon_generator</xilinx:tag>
        <xilinx:tag xilinx:name="ui.data.coregen.dd@3d6d6421_ARCHIVE_LOCATION">d:/U/2025/Primer_semestre/SEP/proyecto_1/IEE2463-SEP-Proyecto-Z8/IPCORES/mon_generator</xilinx:tag>
        <xilinx:tag xilinx:name="ui.data.coregen.dd@12cc202e_ARCHIVE_LOCATION">d:/U/2025/Primer_semestre/SEP/proyecto_1/IEE2463-SEP-Proyecto-Z8/IPCORES/mon_generator</xilinx:tag>
        <xilinx:tag xilinx:name="ui.data.coregen.dd@392bf88f_ARCHIVE_LOCATION">d:/U/2025/Primer_semestre/SEP/proyecto_1/IEE2463-SEP-Proyecto-Z8/IPCORES/mon_generator</xilinx:tag>
        <xilinx:tag xilinx:name="ui.data.coregen.dd@b6076d3_ARCHIVE_LOCATION">d:/U/2025/Primer_semestre/SEP/proyecto_1/IEE2463-SEP-Proyecto-Z8/IPCORES/mon_generator</xilinx:tag>
        <xilinx:tag xilinx:name="ui.data.coregen.dd@4b5a298b_ARCHIVE_LOCATION">d:/U/2025/Primer_semestre/SEP/proyecto_1/IEE2463-SEP-Proyecto-Z8/IPCORES/mon_generator</xilinx:tag>
        <xilinx:tag xilinx:name="ui.data.coregen.dd@22d0e29f_ARCHIVE_LOCATION">d:/U/2025/Primer_semestre/SEP/proyecto_1/IEE2463-SEP-Proyecto-Z8/IPCORES/mon_generator</xilinx:tag>
        <xilinx:tag xilinx:name="ui.data.coregen.dd@409ead75_ARCHIVE_LOCATION">d:/U/2025/Primer_semestre/SEP/proyecto_1/IEE2463-SEP-Proyecto-Z8/IPCORES/mon_generator</xilinx:tag>
        <xilinx:tag xilinx:name="ui.data.coregen.dd@5c6d6f64_ARCHIVE_LOCATION">d:/U/2025/Primer_semestre/SEP/proyecto_1/IEE2463-SEP-Proyecto-Z8/IPCORES/mon_generator</xilinx:tag>
        <xilinx:tag xilinx:name="ui.data.coregen.dd@7c14ce2d_ARCHIVE_LOCATION">d:/U/2025/Primer_semestre/SEP/proyecto_1/IEE2463-SEP-Proyecto-Z8/IPCORES/mon_generator</xilinx:tag>
        <xilinx:tag xilinx:name="ui.data.coregen.dd@393d020b_ARCHIVE_LOCATION">d:/U/2025/Primer_semestre/SEP/proyecto_1/IEE2463-SEP-Proyecto-Z8/IPCORES/mon_generator</xilinx:tag>
        <xilinx:tag xilinx:name="ui.data.coregen.dd@6638457_ARCHIVE_LOCATION">d:/U/2025/Primer_semestre/SEP/proyecto_1/IEE2463-SEP-Proyecto-Z8/IPCORES/mon_generator</xilinx:tag>
        <xilinx:tag xilinx:name="ui.data.coregen.dd@43c38878_ARCHIVE_LOCATION">d:/U/2025/Primer_semestre/SEP/proyecto_1/IEE2463-SEP-Proyecto-Z8/IPCORES/mon_generator</xilinx:tag>
        <xilinx:tag xilinx:name="ui.data.coregen.dd@a708cf3_ARCHIVE_LOCATION">d:/U/2025/Primer_semestre/SEP/proyecto_1/IEE2463-SEP-Proyecto-Z8/IPCORES/mon_generator</xilinx:tag>
        <xilinx:tag xilinx:name="ui.data.coregen.dd@76eacf77_ARCHIVE_LOCATION">d:/U/2025/Primer_semestre/SEP/proyecto_1/IEE2463-SEP-Proyecto-Z8/IPCORES/mon_generator</xilinx:tag>
        <xilinx:tag xilinx:name="ui.data.coregen.dd@203eecb3_ARCHIVE_LOCATION">d:/U/2025/Primer_semestre/SEP/proyecto_1/IEE2463-SEP-Proyecto-Z8/IPCORES/mon_generator</xilinx:tag>
        <xilinx:tag xilinx:name="ui.data.coregen.dd@84c8668_ARCHIVE_LOCATION">d:/U/2025/Primer_semestre/SEP/proyecto_1/IEE2463-SEP-Proyecto-Z8/IPCORES/mon_generator</xilinx:tag>
        <xilinx:tag xilinx:name="ui.data.coregen.dd@1ca053d4_ARCHIVE_LOCATION">d:/U/2025/Primer_semestre/SEP/proyecto_1/IEE2463-SEP-Proyecto-Z8/IPCORES/mon_generator</xilinx:tag>
        <xilinx:tag xilinx:name="ui.data.coregen.dd@44420e8a_ARCHIVE_LOCATION">d:/U/2025/Primer_semestre/SEP/proyecto_1/IEE2463-SEP-Proyecto-Z8/IPCORES/mon_generator</xilinx:tag>
        <xilinx:tag xilinx:name="ui.data.coregen.dd@1a7df71c_ARCHIVE_LOCATION">d:/U/2025/Primer_semestre/SEP/proyecto_1/IEE2463-SEP-Proyecto-Z8/IPCORES/mon_generator</xilinx:tag>
        <xilinx:tag xilinx:name="ui.data.coregen.dd@5f9057ed_ARCHIVE_LOCATION">d:/U/2025/Primer_semestre/SEP/proyecto_1/IEE2463-SEP-Proyecto-Z8/IPCORES/mon_generator</xilinx:tag>
        <xilinx:tag xilinx:name="ui.data.coregen.dd@684a8829_ARCHIVE_LOCATION">d:/U/2025/Primer_semestre/SEP/proyecto_1/IEE2463-SEP-Proyecto-Z8/IPCORES/mon_generator</xilinx:tag>
        <xilinx:tag xilinx:name="ui.data.coregen.dd@3e39092b_ARCHIVE_LOCATION">d:/U/2025/Primer_semestre/SEP/proyecto_1/IEE2463-SEP-Proyecto-Z8/IPCORES/mon_generator</xilinx:tag>
        <xilinx:tag xilinx:name="ui.data.coregen.dd@61a13076_ARCHIVE_LOCATION">d:/U/2025/Primer_semestre/SEP/proyecto_1/IEE2463-SEP-Proyecto-Z8/IPCORES/mon_generator</xilinx:tag>
        <xilinx:tag xilinx:name="ui.data.coregen.dd@3561d085_ARCHIVE_LOCATION">d:/U/2025/Primer_semestre/SEP/proyecto_1/IEE2463-SEP-Proyecto-Z8/IPCORES/mon_generator</xilinx:tag>
        <xilinx:tag xilinx:name="ui.data.coregen.dd@4aa5c200_ARCHIVE_LOCATION">d:/U/2025/Primer_semestre/SEP/proyecto_1/IEE2463-SEP-Proyecto-Z8/IPCORES/mon_generator</xilinx:tag>
        <xilinx:tag xilinx:name="ui.data.coregen.dd@56782e5f_ARCHIVE_LOCATION">d:/U/2025/Primer_semestre/SEP/proyecto_1/IEE2463-SEP-Proyecto-Z8/IPCORES/mon_generator</xilinx:tag>
        <xilinx:tag xilinx:name="ui.data.coregen.dd@35ab703d_ARCHIVE_LOCATION">d:/U/2025/Primer_semestre/SEP/proyecto_1/IEE2463-SEP-Proyecto-Z8/IPCORES/mon_generator</xilinx:tag>
        <xilinx:tag xilinx:name="ui.data.coregen.dd@7a018964_ARCHIVE_LOCATION">d:/U/2025/Primer_semestre/SEP/proyecto_1/IEE2463-SEP-Proyecto-Z8/IPCORES/mon_generator</xilinx:tag>
        <xilinx:tag xilinx:name="ui.data.coregen.dd@3725eb07_ARCHIVE_LOCATION">d:/U/2025/Primer_semestre/SEP/proyecto_1/IEE2463-SEP-Proyecto-Z8/IPCORES/mon_generator</xilinx:tag>
        <xilinx:tag xilinx:name="ui.data.coregen.dd@1abc1073_ARCHIVE_LOCATION">d:/U/2025/Primer_semestre/SEP/proyecto_1/IEE2463-SEP-Proyecto-Z8/IPCORES/mon_generator</xilinx:tag>
        <xilinx:tag xilinx:name="ui.data.coregen.dd@1a1023a0_ARCHIVE_LOCATION">d:/U/2025/Primer_semestre/SEP/proyecto_1/IEE2463-SEP-Proyecto-Z8/IPCORES/mon_generator</xilinx:tag>
        <xilinx:tag xilinx:name="ui.data.coregen.dd@64e5f7da_ARCHIVE_LOCATION">d:/U/2025/Primer_semestre/SEP/proyecto_1/IEE2463-SEP-Proyecto-Z8/IPCORES/mon_generator</xilinx:tag>
        <xilinx:tag xilinx:name="ui.data.coregen.dd@7af3a415_ARCHIVE_LOCATION">d:/U/2025/Primer_semestre/SEP/proyecto_1/IEE2463-SEP-Proyecto-Z8/IPCORES/mon_generator</xilinx:tag>
        <xilinx:tag xilinx:name="ui.data.coregen.dd@7d36b503_ARCHIVE_LOCATION">d:/U/2025/Primer_semestre/SEP/proyecto_1/IEE2463-SEP-Proyecto-Z8/IPCORES/mon_generator</xilinx:tag>
        <xilinx:tag xilinx:name="ui.data.coregen.dd@1e98a642_ARCHIVE_LOCATION">d:/U/2025/Primer_semestre/SEP/proyecto_1/IEE2463-SEP-Proyecto-Z8/IPCORES/mon_generator</xilinx:tag>
        <xilinx:tag xilinx:name="ui.data.coregen.dd@7b3b7f77_ARCHIVE_LOCATION">d:/U/2025/Primer_semestre/SEP/proyecto_1/IEE2463-SEP-Proyecto-Z8/IPCORES/mon_generator</xilinx:tag>
        <xilinx:tag xilinx:name="ui.data.coregen.dd@32cb6094_ARCHIVE_LOCATION">d:/U/2025/Primer_semestre/SEP/proyecto_1/IEE2463-SEP-Proyecto-Z8/IPCORES/mon_generator</xilinx:tag>
        <xilinx:tag xilinx:name="ui.data.coregen.dd@718c3b2e_ARCHIVE_LOCATION">d:/U/2025/Primer_semestre/SEP/proyecto_1/IEE2463-SEP-Proyecto-Z8/IPCORES/mon_generator</xilinx:tag>
        <xilinx:tag xilinx:name="ui.data.coregen.dd@325c2d62_ARCHIVE_LOCATION">d:/U/2025/Primer_semestre/SEP/proyecto_1/IEE2463-SEP-Proyecto-Z8/IPCORES/mon_generator</xilinx:tag>
        <xilinx:tag xilinx:name="ui.data.coregen.dd@35d271eb_ARCHIVE_LOCATION">d:/U/2025/Primer_semestre/SEP/proyecto_1/IEE2463-SEP-Proyecto-Z8/IPCORES/mon_generator</xilinx:tag>
        <xilinx:tag xilinx:name="ui.data.coregen.dd@7e34e5da_ARCHIVE_LOCATION">d:/U/2025/Primer_semestre/SEP/proyecto_1/IEE2463-SEP-Proyecto-Z8/IPCORES/mon_generator</xilinx:tag>
        <xilinx:tag xilinx:name="ui.data.coregen.dd@6da83a44_ARCHIVE_LOCATION">d:/U/2025/Primer_semestre/SEP/proyecto_1/IEE2463-SEP-Proyecto-Z8/IPCORES/mon_generator</xilinx:tag>
        <xilinx:tag xilinx:name="ui.data.coregen.dd@1315c260_ARCHIVE_LOCATION">d:/U/2025/Primer_semestre/SEP/proyecto_1/IEE2463-SEP-Proyecto-Z8/IPCORES/mon_generator</xilinx:tag>
        <xilinx:tag xilinx:name="ui.data.coregen.dd@28fec744_ARCHIVE_LOCATION">d:/U/2025/Primer_semestre/SEP/proyecto_1/IEE2463-SEP-Proyecto-Z8/IPCORES/mon_generator</xilinx:tag>
        <xilinx:tag xilinx:name="ui.data.coregen.dd@7ba06fdf_ARCHIVE_LOCATION">d:/U/2025/Primer_semestre/SEP/proyecto_1/IEE2463-SEP-Proyecto-Z8/IPCORES/mon_generator</xilinx:tag>
        <xilinx:tag xilinx:name="ui.data.coregen.dd@7fd7b969_ARCHIVE_LOCATION">d:/U/2025/Primer_semestre/SEP/proyecto_1/IEE2463-SEP-Proyecto-Z8/IPCORES/mon_generator</xilinx:tag>
        <xilinx:tag xilinx:name="ui.data.coregen.dd@4fb0c845_ARCHIVE_LOCATION">d:/U/2025/Primer_semestre/SEP/proyecto_1/IEE2463-SEP-Proyecto-Z8/IPCORES/mon_generator</xilinx:tag>
        <xilinx:tag xilinx:name="ui.data.coregen.dd@52445efb_ARCHIVE_LOCATION">d:/U/2025/Primer_semestre/SEP/proyecto_1/IEE2463-SEP-Proyecto-Z8/IPCORES/mon_generator</xilinx:tag>
        <xilinx:tag xilinx:name="ui.data.coregen.dd@40685325_ARCHIVE_LOCATION">d:/U/2025/Primer_semestre/SEP/proyecto_1/IEE2463-SEP-Proyecto-Z8/IPCORES/mon_generator</xilinx:tag>
        <xilinx:tag xilinx:name="ui.data.coregen.dd@a9c4170_ARCHIVE_LOCATION">d:/U/2025/Primer_semestre/SEP/proyecto_1/IEE2463-SEP-Proyecto-Z8/IPCORES/mon_generator</xilinx:tag>
        <xilinx:tag xilinx:name="ui.data.coregen.dd@b362336_ARCHIVE_LOCATION">d:/U/2025/Primer_semestre/SEP/proyecto_1/IEE2463-SEP-Proyecto-Z8/IPCORES/mon_generator</xilinx:tag>
        <xilinx:tag xilinx:name="ui.data.coregen.dd@5c16fff9_ARCHIVE_LOCATION">d:/U/2025/Primer_semestre/SEP/proyecto_1/IEE2463-SEP-Proyecto-Z8/IPCORES/mon_generator</xilinx:tag>
        <xilinx:tag xilinx:name="ui.data.coregen.dd@43741f86_ARCHIVE_LOCATION">d:/U/2025/Primer_semestre/SEP/proyecto_1/IEE2463-SEP-Proyecto-Z8/IPCORES/mon_generator</xilinx:tag>
        <xilinx:tag xilinx:name="ui.data.coregen.dd@2ef5c754_ARCHIVE_LOCATION">d:/U/2025/Primer_semestre/SEP/proyecto_1/IEE2463-SEP-Proyecto-Z8/IPCORES/mon_generator</xilinx:tag>
        <xilinx:tag xilinx:name="ui.data.coregen.dd@7136a552_ARCHIVE_LOCATION">d:/U/2025/Primer_semestre/SEP/proyecto_1/IEE2463-SEP-Proyecto-Z8/IPCORES/mon_generator</xilinx:tag>
        <xilinx:tag xilinx:name="ui.data.coregen.dd@5700634f_ARCHIVE_LOCATION">d:/U/2025/Primer_semestre/SEP/proyecto_1/IEE2463-SEP-Proyecto-Z8/IPCORES/mon_generator</xilinx:tag>
        <xilinx:tag xilinx:name="ui.data.coregen.dd@798ab18b_ARCHIVE_LOCATION">d:/U/2025/Primer_semestre/SEP/proyecto_1/IEE2463-SEP-Proyecto-Z8/IPCORES/mon_generator</xilinx:tag>
        <xilinx:tag xilinx:name="ui.data.coregen.dd@328331ba_ARCHIVE_LOCATION">d:/U/2025/Primer_semestre/SEP/proyecto_1/IEE2463-SEP-Proyecto-Z8/IPCORES/mon_generator</xilinx:tag>
        <xilinx:tag xilinx:name="ui.data.coregen.dd@2e898009_ARCHIVE_LOCATION">d:/U/2025/Primer_semestre/SEP/proyecto_1/IEE2463-SEP-Proyecto-Z8/IPCORES/mon_generator</xilinx:tag>
        <xilinx:tag xilinx:name="ui.data.coregen.dd@3df8fed_ARCHIVE_LOCATION">d:/U/2025/Primer_semestre/SEP/proyecto_1/IEE2463-SEP-Proyecto-Z8/IPCORES/mon_generator</xilinx:tag>
        <xilinx:tag xilinx:name="ui.data.coregen.dd@1aaba5aa_ARCHIVE_LOCATION">d:/U/2025/Primer_semestre/SEP/proyecto_1/IEE2463-SEP-Proyecto-Z8/IPCORES/mon_generator</xilinx:tag>
        <xilinx:tag xilinx:name="ui.data.coregen.dd@4e519108_ARCHIVE_LOCATION">d:/U/2025/Primer_semestre/SEP/proyecto_1/IEE2463-SEP-Proyecto-Z8/IPCORES/mon_generator</xilinx:tag>
        <xilinx:tag xilinx:name="ui.data.coregen.dd@1f2e5b5d_ARCHIVE_LOCATION">d:/U/2025/Primer_semestre/SEP/proyecto_1/IEE2463-SEP-Proyecto-Z8/IPCORES/mon_generator</xilinx:tag>
        <xilinx:tag xilinx:name="ui.data.coregen.dd@6c4bc8b1_ARCHIVE_LOCATION">d:/U/2025/Primer_semestre/SEP/proyecto_1/IEE2463-SEP-Proyecto-Z8/IPCORES/mon_generator</xilinx:tag>
        <xilinx:tag xilinx:name="ui.data.coregen.dd@1913f6a9_ARCHIVE_LOCATION">d:/U/2025/Primer_semestre/SEP/proyecto_1/IEE2463-SEP-Proyecto-Z8/IPCORES/mon_generator</xilinx:tag>
        <xilinx:tag xilinx:name="ui.data.coregen.dd@4c601197_ARCHIVE_LOCATION">d:/U/2025/Primer_semestre/SEP/proyecto_1/IEE2463-SEP-Proyecto-Z8/IPCORES/mon_generator</xilinx:tag>
        <xilinx:tag xilinx:name="ui.data.coregen.dd@68a71beb_ARCHIVE_LOCATION">d:/U/2025/Primer_semestre/SEP/proyecto_1/IEE2463-SEP-Proyecto-Z8/IPCORES/mon_generator</xilinx:tag>
        <xilinx:tag xilinx:name="ui.data.coregen.dd@20ef64eb_ARCHIVE_LOCATION">d:/U/2025/Primer_semestre/SEP/proyecto_1/IEE2463-SEP-Proyecto-Z8/IPCORES/mon_generator</xilinx:tag>
        <xilinx:tag xilinx:name="ui.data.coregen.dd@32cc914f_ARCHIVE_LOCATION">d:/U/2025/Primer_semestre/SEP/proyecto_1/IEE2463-SEP-Proyecto-Z8/IPCORES/mon_generator</xilinx:tag>
        <xilinx:tag xilinx:name="ui.data.coregen.dd@71dda10e_ARCHIVE_LOCATION">d:/U/2025/Primer_semestre/SEP/proyecto_1/IEE2463-SEP-Proyecto-Z8/IPCORES/mon_generator</xilinx:tag>
        <xilinx:tag xilinx:name="ui.data.coregen.dd@65eb7c75_ARCHIVE_LOCATION">d:/U/2025/Primer_semestre/SEP/proyecto_1/IEE2463-SEP-Proyecto-Z8/IPCORES/mon_generator</xilinx:tag>
        <xilinx:tag xilinx:name="ui.data.coregen.dd@319ebe22_ARCHIVE_LOCATION">d:/U/2025/Primer_semestre/SEP/proyecto_1/IEE2463-SEP-Proyecto-Z8/IPCORES/mon_generator</xilinx:tag>
        <xilinx:tag xilinx:name="ui.data.coregen.dd@201f8c53_ARCHIVE_LOCATION">d:/U/2025/Primer_semestre/SEP/proyecto_1/IEE2463-SEP-Proyecto-Z8/IPCORES/mon_generator</xilinx:tag>
        <xilinx:tag xilinx:name="ui.data.coregen.dd@61a9d5e_ARCHIVE_LOCATION">d:/U/2025/Primer_semestre/SEP/proyecto_1/IEE2463-SEP-Proyecto-Z8/IPCORES/mon_generator</xilinx:tag>
        <xilinx:tag xilinx:name="ui.data.coregen.dd@66851e54_ARCHIVE_LOCATION">d:/U/2025/Primer_semestre/SEP/proyecto_1/IEE2463-SEP-Proyecto-Z8/IPCORES/mon_generator</xilinx:tag>
        <xilinx:tag xilinx:name="ui.data.coregen.dd@2dbcb158_ARCHIVE_LOCATION">d:/U/2025/Primer_semestre/SEP/proyecto_1/IEE2463-SEP-Proyecto-Z8/IPCORES/mon_generator</xilinx:tag>
        <xilinx:tag xilinx:name="ui.data.coregen.dd@504e7a8d_ARCHIVE_LOCATION">d:/U/2025/Primer_semestre/SEP/proyecto_1/IEE2463-SEP-Proyecto-Z8/IPCORES/mon_generator</xilinx:tag>
        <xilinx:tag xilinx:name="ui.data.coregen.dd@5e711373_ARCHIVE_LOCATION">d:/U/2025/Primer_semestre/SEP/proyecto_1/IEE2463-SEP-Proyecto-Z8/IPCORES/mon_generator</xilinx:tag>
        <xilinx:tag xilinx:name="ui.data.coregen.dd@3299647c_ARCHIVE_LOCATION">d:/U/2025/Primer_semestre/SEP/proyecto_1/IEE2463-SEP-Proyecto-Z8/IPCORES/mon_generator</xilinx:tag>
        <xilinx:tag xilinx:name="ui.data.coregen.dd@66a3d97_ARCHIVE_LOCATION">d:/U/2025/Primer_semestre/SEP/proyecto_1/IEE2463-SEP-Proyecto-Z8/IPCORES/mon_generator</xilinx:tag>
        <xilinx:tag xilinx:name="ui.data.coregen.dd@18ab8830_ARCHIVE_LOCATION">d:/U/2025/Primer_semestre/SEP/proyecto_1/IEE2463-SEP-Proyecto-Z8/IPCORES/mon_generator</xilinx:tag>
        <xilinx:tag xilinx:name="ui.data.coregen.dd@2a5c5c8_ARCHIVE_LOCATION">d:/U/2025/Primer_semestre/SEP/proyecto_1/IEE2463-SEP-Proyecto-Z8/IPCORES/mon_generator</xilinx:tag>
        <xilinx:tag xilinx:name="ui.data.coregen.dd@1838f9df_ARCHIVE_LOCATION">d:/U/2025/Primer_semestre/SEP/proyecto_1/IEE2463-SEP-Proyecto-Z8/IPCORES/mon_generator</xilinx:tag>
        <xilinx:tag xilinx:name="ui.data.coregen.dd@d7d5be3_ARCHIVE_LOCATION">d:/U/2025/Primer_semestre/SEP/proyecto_1/IEE2463-SEP-Proyecto-Z8/IPCORES/mon_generator</xilinx:tag>
        <xilinx:tag xilinx:name="ui.data.coregen.dd@77491311_ARCHIVE_LOCATION">d:/U/2025/Primer_semestre/SEP/proyecto_1/IEE2463-SEP-Proyecto-Z8/IPCORES/mon_generator</xilinx:tag>
        <xilinx:tag xilinx:name="ui.data.coregen.dd@5e2a818_ARCHIVE_LOCATION">d:/U/2025/Primer_semestre/SEP/proyecto_1/IEE2463-SEP-Proyecto-Z8/IPCORES/mon_generator</xilinx:tag>
        <xilinx:tag xilinx:name="ui.data.coregen.dd@6241df9e_ARCHIVE_LOCATION">d:/U/2025/Primer_semestre/SEP/proyecto_1/IEE2463-SEP-Proyecto-Z8/IPCORES/mon_generator</xilinx:tag>
        <xilinx:tag xilinx:name="ui.data.coregen.dd@2c2a3396_ARCHIVE_LOCATION">d:/U/2025/Primer_semestre/SEP/proyecto_1/IEE2463-SEP-Proyecto-Z8/IPCORES/mon_generator</xilinx:tag>
        <xilinx:tag xilinx:name="ui.data.coregen.dd@562ba768_ARCHIVE_LOCATION">d:/U/2025/Primer_semestre/SEP/proyecto_1/IEE2463-SEP-Proyecto-Z8/IPCORES/mon_generator</xilinx:tag>
        <xilinx:tag xilinx:name="ui.data.coregen.dd@3f1cdff5_ARCHIVE_LOCATION">d:/U/2025/Primer_semestre/SEP/proyecto_1/IEE2463-SEP-Proyecto-Z8/IPCORES/mon_generator</xilinx:tag>
        <xilinx:tag xilinx:name="ui.data.coregen.dd@12646749_ARCHIVE_LOCATION">d:/U/2025/Primer_semestre/SEP/proyecto_1/IEE2463-SEP-Proyecto-Z8/IPCORES/mon_generator</xilinx:tag>
        <xilinx:tag xilinx:name="ui.data.coregen.dd@5772070f_ARCHIVE_LOCATION">d:/U/2025/Primer_semestre/SEP/proyecto_1/IEE2463-SEP-Proyecto-Z8/IPCORES/mon_generator</xilinx:tag>
        <xilinx:tag xilinx:name="ui.data.coregen.dd@4d73f476_ARCHIVE_LOCATION">d:/U/2025/Primer_semestre/SEP/proyecto_1/IEE2463-SEP-Proyecto-Z8/IPCORES/mon_generator</xilinx:tag>
        <xilinx:tag xilinx:name="ui.data.coregen.dd@12e71a71_ARCHIVE_LOCATION">d:/U/2025/Primer_semestre/SEP/proyecto_1/IEE2463-SEP-Proyecto-Z8/IPCORES/mon_generator</xilinx:tag>
        <xilinx:tag xilinx:name="ui.data.coregen.dd@774a523d_ARCHIVE_LOCATION">d:/U/2025/Primer_semestre/SEP/proyecto_1/IEE2463-SEP-Proyecto-Z8/IPCORES/mon_generator</xilinx:tag>
        <xilinx:tag xilinx:name="ui.data.coregen.dd@86bdc79_ARCHIVE_LOCATION">d:/U/2025/Primer_semestre/SEP/proyecto_1/IEE2463-SEP-Proyecto-Z8/IPCORES/mon_generator</xilinx:tag>
        <xilinx:tag xilinx:name="ui.data.coregen.dd@225a449f_ARCHIVE_LOCATION">d:/U/2025/Primer_semestre/SEP/proyecto_1/IEE2463-SEP-Proyecto-Z8/IPCORES/mon_generator</xilinx:tag>
        <xilinx:tag xilinx:name="ui.data.coregen.dd@5b92395a_ARCHIVE_LOCATION">d:/U/2025/Primer_semestre/SEP/proyecto_1/IEE2463-SEP-Proyecto-Z8/IPCORES/mon_generator</xilinx:tag>
        <xilinx:tag xilinx:name="ui.data.coregen.dd@3153e5c8_ARCHIVE_LOCATION">d:/U/2025/Primer_semestre/SEP/proyecto_1/IEE2463-SEP-Proyecto-Z8/IPCORES/mon_generator</xilinx:tag>
        <xilinx:tag xilinx:name="ui.data.coregen.dd@3bd32c0d_ARCHIVE_LOCATION">d:/U/2025/Primer_semestre/SEP/proyecto_1/IEE2463-SEP-Proyecto-Z8/IPCORES/mon_generator</xilinx:tag>
        <xilinx:tag xilinx:name="ui.data.coregen.dd@7949b6d9_ARCHIVE_LOCATION">d:/U/2025/Primer_semestre/SEP/proyecto_1/IEE2463-SEP-Proyecto-Z8/IPCORES/mon_generator</xilinx:tag>
        <xilinx:tag xilinx:name="ui.data.coregen.dd@27d65633_ARCHIVE_LOCATION">d:/U/2025/Primer_semestre/SEP/proyecto_1/IEE2463-SEP-Proyecto-Z8/IPCORES/mon_generator</xilinx:tag>
        <xilinx:tag xilinx:name="ui.data.coregen.dd@34031835_ARCHIVE_LOCATION">d:/U/2025/Primer_semestre/SEP/proyecto_1/IEE2463-SEP-Proyecto-Z8/IPCORES/mon_generator</xilinx:tag>
        <xilinx:tag xilinx:name="ui.data.coregen.dd@63296d32_ARCHIVE_LOCATION">d:/U/2025/Primer_semestre/SEP/proyecto_1/IEE2463-SEP-Proyecto-Z8/IPCORES/mon_generator</xilinx:tag>
        <xilinx:tag xilinx:name="ui.data.coregen.dd@2f799c77_ARCHIVE_LOCATION">d:/U/2025/Primer_semestre/SEP/proyecto_1/IEE2463-SEP-Proyecto-Z8/IPCORES/mon_generator</xilinx:tag>
        <xilinx:tag xilinx:name="ui.data.coregen.dd@286a2b62_ARCHIVE_LOCATION">d:/U/2025/Primer_semestre/SEP/proyecto_1/IEE2463-SEP-Proyecto-Z8/IPCORES/mon_generator</xilinx:tag>
        <xilinx:tag xilinx:name="ui.data.coregen.dd@4f3fa5b2_ARCHIVE_LOCATION">d:/U/2025/Primer_semestre/SEP/proyecto_1/IEE2463-SEP-Proyecto-Z8/IPCORES/mon_generator</xilinx:tag>
        <xilinx:tag xilinx:name="ui.data.coregen.dd@fbcc616_ARCHIVE_LOCATION">d:/U/2025/Primer_semestre/SEP/proyecto_1/IEE2463-SEP-Proyecto-Z8/IPCORES/mon_generator</xilinx:tag>
        <xilinx:tag xilinx:name="ui.data.coregen.dd@46a6f48b_ARCHIVE_LOCATION">d:/U/2025/Primer_semestre/SEP/proyecto_1/IEE2463-SEP-Proyecto-Z8/IPCORES/mon_generator</xilinx:tag>
        <xilinx:tag xilinx:name="ui.data.coregen.dd@5e9cc51c_ARCHIVE_LOCATION">d:/U/2025/Primer_semestre/SEP/proyecto_1/IEE2463-SEP-Proyecto-Z8/IPCORES/mon_generator</xilinx:tag>
        <xilinx:tag xilinx:name="ui.data.coregen.dd@6fafde90_ARCHIVE_LOCATION">d:/U/2025/Primer_semestre/SEP/proyecto_1/IEE2463-SEP-Proyecto-Z8/IPCORES/mon_generator</xilinx:tag>
        <xilinx:tag xilinx:name="ui.data.coregen.dd@451829fd_ARCHIVE_LOCATION">d:/U/2025/Primer_semestre/SEP/proyecto_1/IEE2463-SEP-Proyecto-Z8/IPCORES/mon_generator</xilinx:tag>
        <xilinx:tag xilinx:name="ui.data.coregen.dd@6cc6386f_ARCHIVE_LOCATION">d:/U/2025/Primer_semestre/SEP/proyecto_1/IEE2463-SEP-Proyecto-Z8/IPCORES/mon_generator</xilinx:tag>
        <xilinx:tag xilinx:name="ui.data.coregen.dd@1d515817_ARCHIVE_LOCATION">d:/U/2025/Primer_semestre/SEP/proyecto_1/IEE2463-SEP-Proyecto-Z8/IPCORES/mon_generator</xilinx:tag>
        <xilinx:tag xilinx:name="ui.data.coregen.dd@1e2b4a10_ARCHIVE_LOCATION">d:/U/2025/Primer_semestre/SEP/proyecto_1/IEE2463-SEP-Proyecto-Z8/IPCORES/mon_generator</xilinx:tag>
        <xilinx:tag xilinx:name="ui.data.coregen.dd@7464290f_ARCHIVE_LOCATION">d:/U/2025/Primer_semestre/SEP/proyecto_1/IEE2463-SEP-Proyecto-Z8/IPCORES/mon_generator</xilinx:tag>
        <xilinx:tag xilinx:name="ui.data.coregen.dd@76a30070_ARCHIVE_LOCATION">d:/U/2025/Primer_semestre/SEP/proyecto_1/IEE2463-SEP-Proyecto-Z8/IPCORES/mon_generator</xilinx:tag>
        <xilinx:tag xilinx:name="ui.data.coregen.dd@3a7b69be_ARCHIVE_LOCATION">d:/U/2025/Primer_semestre/SEP/proyecto_1/IEE2463-SEP-Proyecto-Z8/IPCORES/mon_generator</xilinx:tag>
        <xilinx:tag xilinx:name="ui.data.coregen.dd@30736d07_ARCHIVE_LOCATION">d:/U/2025/Primer_semestre/SEP/proyecto_1/IEE2463-SEP-Proyecto-Z8/IPCORES/mon_generator</xilinx:tag>
        <xilinx:tag xilinx:name="ui.data.coregen.dd@1322440_ARCHIVE_LOCATION">d:/U/2025/Primer_semestre/SEP/proyecto_1/IEE2463-SEP-Proyecto-Z8/IPCORES/mon_generator</xilinx:tag>
        <xilinx:tag xilinx:name="ui.data.coregen.dd@699d1079_ARCHIVE_LOCATION">d:/U/2025/Primer_semestre/SEP/proyecto_1/IEE2463-SEP-Proyecto-Z8/IPCORES/mon_generator</xilinx:tag>
        <xilinx:tag xilinx:name="ui.data.coregen.dd@7de84c56_ARCHIVE_LOCATION">d:/U/2025/Primer_semestre/SEP/proyecto_1/IEE2463-SEP-Proyecto-Z8/IPCORES/mon_generator</xilinx:tag>
        <xilinx:tag xilinx:name="ui.data.coregen.dd@4ab0fe96_ARCHIVE_LOCATION">d:/U/2025/Primer_semestre/SEP/proyecto_1/IEE2463-SEP-Proyecto-Z8/IPCORES/mon_generator</xilinx:tag>
        <xilinx:tag xilinx:name="ui.data.coregen.dd@4c6db39f_ARCHIVE_LOCATION">d:/U/2025/Primer_semestre/SEP/proyecto_1/IEE2463-SEP-Proyecto-Z8/IPCORES/mon_generator</xilinx:tag>
        <xilinx:tag xilinx:name="ui.data.coregen.dd@59b8554f_ARCHIVE_LOCATION">d:/U/2025/Primer_semestre/SEP/proyecto_1/IEE2463-SEP-Proyecto-Z8/IPCORES/mon_generator</xilinx:tag>
        <xilinx:tag xilinx:name="ui.data.coregen.dd@fb38bab_ARCHIVE_LOCATION">d:/U/2025/Primer_semestre/SEP/proyecto_1/IEE2463-SEP-Proyecto-Z8/IPCORES/mon_generator</xilinx:tag>
        <xilinx:tag xilinx:name="ui.data.coregen.dd@3140e0d3_ARCHIVE_LOCATION">d:/U/2025/Primer_semestre/SEP/proyecto_1/IEE2463-SEP-Proyecto-Z8/IPCORES/mon_generator</xilinx:tag>
        <xilinx:tag xilinx:name="ui.data.coregen.dd@fdb22ef_ARCHIVE_LOCATION">d:/U/2025/Primer_semestre/SEP/proyecto_1/IEE2463-SEP-Proyecto-Z8/IPCORES/mon_generator</xilinx:tag>
        <xilinx:tag xilinx:name="ui.data.coregen.dd@7b6f7724_ARCHIVE_LOCATION">d:/U/2025/Primer_semestre/SEP/proyecto_1/IEE2463-SEP-Proyecto-Z8/IPCORES/mon_generator</xilinx:tag>
        <xilinx:tag xilinx:name="ui.data.coregen.dd@70fcec8f_ARCHIVE_LOCATION">d:/U/2025/Primer_semestre/SEP/proyecto_1/IEE2463-SEP-Proyecto-Z8/IPCORES/mon_generator</xilinx:tag>
        <xilinx:tag xilinx:name="ui.data.coregen.dd@24f2b01d_ARCHIVE_LOCATION">d:/U/2025/Primer_semestre/SEP/proyecto_1/IEE2463-SEP-Proyecto-Z8/IPCORES/mon_generator</xilinx:tag>
        <xilinx:tag xilinx:name="ui.data.coregen.dd@5896e32f_ARCHIVE_LOCATION">d:/U/2025/Primer_semestre/SEP/proyecto_1/IEE2463-SEP-Proyecto-Z8/IPCORES/mon_generator</xilinx:tag>
        <xilinx:tag xilinx:name="ui.data.coregen.dd@13e0ae03_ARCHIVE_LOCATION">d:/U/2025/Primer_semestre/SEP/proyecto_1/IEE2463-SEP-Proyecto-Z8/IPCORES/mon_generator</xilinx:tag>
        <xilinx:tag xilinx:name="ui.data.coregen.dd@8079cef_ARCHIVE_LOCATION">d:/U/2025/Primer_semestre/SEP/proyecto_1/IEE2463-SEP-Proyecto-Z8/IPCORES/mon_generator</xilinx:tag>
        <xilinx:tag xilinx:name="ui.data.coregen.dd@22c5a86_ARCHIVE_LOCATION">d:/U/2025/Primer_semestre/SEP/proyecto_1/IEE2463-SEP-Proyecto-Z8/IPCORES/mon_generator</xilinx:tag>
        <xilinx:tag xilinx:name="ui.data.coregen.dd@6c4d41ce_ARCHIVE_LOCATION">d:/U/2025/Primer_semestre/SEP/proyecto_1/IEE2463-SEP-Proyecto-Z8/IPCORES/mon_generator</xilinx:tag>
        <xilinx:tag xilinx:name="ui.data.coregen.dd@38d95974_ARCHIVE_LOCATION">d:/U/2025/Primer_semestre/SEP/proyecto_1/IEE2463-SEP-Proyecto-Z8/IPCORES/mon_generator</xilinx:tag>
        <xilinx:tag xilinx:name="ui.data.coregen.dd@18a97cf9_ARCHIVE_LOCATION">d:/U/2025/Primer_semestre/SEP/proyecto_1/IEE2463-SEP-Proyecto-Z8/IPCORES/mon_generator</xilinx:tag>
        <xilinx:tag xilinx:name="ui.data.coregen.dd@70d6e4b8_ARCHIVE_LOCATION">d:/U/2025/Primer_semestre/SEP/proyecto_1/IEE2463-SEP-Proyecto-Z8/IPCORES/mon_generator</xilinx:tag>
        <xilinx:tag xilinx:name="ui.data.coregen.dd@5ba009fb_ARCHIVE_LOCATION">d:/U/2025/Primer_semestre/SEP/proyecto_1/IEE2463-SEP-Proyecto-Z8/IPCORES/mon_generator</xilinx:tag>
        <xilinx:tag xilinx:name="ui.data.coregen.dd@15571968_ARCHIVE_LOCATION">d:/U/2025/Primer_semestre/SEP/proyecto_1/IEE2463-SEP-Proyecto-Z8/IPCORES/mon_generator</xilinx:tag>
        <xilinx:tag xilinx:name="ui.data.coregen.dd@52d17e08_ARCHIVE_LOCATION">d:/U/2025/Primer_semestre/SEP/proyecto_1/IEE2463-SEP-Proyecto-Z8/IPCORES/mon_generator</xilinx:tag>
        <xilinx:tag xilinx:name="ui.data.coregen.dd@40492901_ARCHIVE_LOCATION">d:/U/2025/Primer_semestre/SEP/proyecto_1/IEE2463-SEP-Proyecto-Z8/IPCORES/mon_generator</xilinx:tag>
        <xilinx:tag xilinx:name="ui.data.coregen.dd@2ec7edb8_ARCHIVE_LOCATION">d:/U/2025/Primer_semestre/SEP/proyecto_1/IEE2463-SEP-Proyecto-Z8/IPCORES/mon_generator</xilinx:tag>
        <xilinx:tag xilinx:name="ui.data.coregen.dd@1677bc82_ARCHIVE_LOCATION">d:/U/2025/Primer_semestre/SEP/proyecto_1/IEE2463-SEP-Proyecto-Z8/IPCORES/mon_generator</xilinx:tag>
        <xilinx:tag xilinx:name="ui.data.coregen.dd@213ee07_ARCHIVE_LOCATION">d:/U/2025/Primer_semestre/SEP/proyecto_1/IEE2463-SEP-Proyecto-Z8/IPCORES/mon_generator</xilinx:tag>
        <xilinx:tag xilinx:name="ui.data.coregen.dd@563b88c5_ARCHIVE_LOCATION">d:/U/2025/Primer_semestre/SEP/proyecto_1/IEE2463-SEP-Proyecto-Z8/IPCORES/mon_generator</xilinx:tag>
        <xilinx:tag xilinx:name="ui.data.coregen.dd@20c159de_ARCHIVE_LOCATION">d:/U/2025/Primer_semestre/SEP/proyecto_1/IEE2463-SEP-Proyecto-Z8/IPCORES/mon_generator</xilinx:tag>
        <xilinx:tag xilinx:name="ui.data.coregen.dd@26758443_ARCHIVE_LOCATION">d:/U/2025/Primer_semestre/SEP/proyecto_1/IEE2463-SEP-Proyecto-Z8/IPCORES/mon_generator</xilinx:tag>
        <xilinx:tag xilinx:name="ui.data.coregen.dd@12aed9ad_ARCHIVE_LOCATION">d:/U/2025/Primer_semestre/SEP/proyecto_1/IEE2463-SEP-Proyecto-Z8/IPCORES/mon_generator</xilinx:tag>
        <xilinx:tag xilinx:name="ui.data.coregen.dd@50e33578_ARCHIVE_LOCATION">d:/U/2025/Primer_semestre/SEP/proyecto_1/IEE2463-SEP-Proyecto-Z8/IPCORES/mon_generator</xilinx:tag>
        <xilinx:tag xilinx:name="ui.data.coregen.dd@34baba99_ARCHIVE_LOCATION">d:/U/2025/Primer_semestre/SEP/proyecto_1/IEE2463-SEP-Proyecto-Z8/IPCORES/mon_generator</xilinx:tag>
        <xilinx:tag xilinx:name="ui.data.coregen.dd@170d2299_ARCHIVE_LOCATION">d:/U/2025/Primer_semestre/SEP/proyecto_1/IEE2463-SEP-Proyecto-Z8/IPCORES/mon_generator</xilinx:tag>
        <xilinx:tag xilinx:name="ui.data.coregen.dd@48f75347_ARCHIVE_LOCATION">d:/U/2025/Primer_semestre/SEP/proyecto_1/IEE2463-SEP-Proyecto-Z8/IPCORES/mon_generator</xilinx:tag>
        <xilinx:tag xilinx:name="ui.data.coregen.dd@411dfa0d_ARCHIVE_LOCATION">d:/U/2025/Primer_semestre/SEP/proyecto_1/IEE2463-SEP-Proyecto-Z8/IPCORES/mon_generator</xilinx:tag>
        <xilinx:tag xilinx:name="ui.data.coregen.dd@60582495_ARCHIVE_LOCATION">d:/U/2025/Primer_semestre/SEP/proyecto_1/IEE2463-SEP-Proyecto-Z8/IPCORES/mon_generator</xilinx:tag>
        <xilinx:tag xilinx:name="ui.data.coregen.dd@21d01469_ARCHIVE_LOCATION">d:/U/2025/Primer_semestre/SEP/proyecto_1/IEE2463-SEP-Proyecto-Z8/IPCORES/mon_generator</xilinx:tag>
        <xilinx:tag xilinx:name="ui.data.coregen.dd@52c69988_ARCHIVE_LOCATION">d:/U/2025/Primer_semestre/SEP/proyecto_1/IEE2463-SEP-Proyecto-Z8/IPCORES/mon_generator</xilinx:tag>
        <xilinx:tag xilinx:name="ui.data.coregen.dd@10ff449e_ARCHIVE_LOCATION">d:/U/2025/Primer_semestre/SEP/proyecto_1/IEE2463-SEP-Proyecto-Z8/IPCORES/mon_generator</xilinx:tag>
        <xilinx:tag xilinx:name="ui.data.coregen.dd@1315df41_ARCHIVE_LOCATION">d:/U/2025/Primer_semestre/SEP/proyecto_1/IEE2463-SEP-Proyecto-Z8/IPCORES/mon_generator</xilinx:tag>
        <xilinx:tag xilinx:name="ui.data.coregen.dd@6de1c236_ARCHIVE_LOCATION">d:/U/2025/Primer_semestre/SEP/proyecto_1/IEE2463-SEP-Proyecto-Z8/IPCORES/mon_generator</xilinx:tag>
        <xilinx:tag xilinx:name="ui.data.coregen.dd@33b0a2c0_ARCHIVE_LOCATION">d:/U/2025/Primer_semestre/SEP/proyecto_1/IEE2463-SEP-Proyecto-Z8/IPCORES/mon_generator</xilinx:tag>
        <xilinx:tag xilinx:name="ui.data.coregen.dd@273015a1_ARCHIVE_LOCATION">d:/U/2025/Primer_semestre/SEP/proyecto_1/IEE2463-SEP-Proyecto-Z8/IPCORES/mon_generator</xilinx:tag>
        <xilinx:tag xilinx:name="ui.data.coregen.dd@1f0f7ab9_ARCHIVE_LOCATION">d:/U/2025/Primer_semestre/SEP/proyecto_1/IEE2463-SEP-Proyecto-Z8/IPCORES/mon_generator</xilinx:tag>
        <xilinx:tag xilinx:name="ui.data.coregen.dd@63c544c2_ARCHIVE_LOCATION">d:/U/2025/Primer_semestre/SEP/proyecto_1/IEE2463-SEP-Proyecto-Z8/IPCORES/mon_generator</xilinx:tag>
        <xilinx:tag xilinx:name="ui.data.coregen.dd@6baff8b3_ARCHIVE_LOCATION">d:/U/2025/Primer_semestre/SEP/proyecto_1/IEE2463-SEP-Proyecto-Z8/IPCORES/mon_generator</xilinx:tag>
        <xilinx:tag xilinx:name="ui.data.coregen.dd@a3eddd4_ARCHIVE_LOCATION">d:/U/2025/Primer_semestre/SEP/proyecto_1/IEE2463-SEP-Proyecto-Z8/IPCORES/mon_generator</xilinx:tag>
        <xilinx:tag xilinx:name="ui.data.coregen.dd@417f1548_ARCHIVE_LOCATION">d:/U/2025/Primer_semestre/SEP/proyecto_1/IEE2463-SEP-Proyecto-Z8/IPCORES/mon_generator</xilinx:tag>
        <xilinx:tag xilinx:name="ui.data.coregen.dd@3316189d_ARCHIVE_LOCATION">d:/U/2025/Primer_semestre/SEP/proyecto_1/IEE2463-SEP-Proyecto-Z8/IPCORES/mon_generator</xilinx:tag>
        <xilinx:tag xilinx:name="ui.data.coregen.dd@1a579e2c_ARCHIVE_LOCATION">d:/U/2025/Primer_semestre/SEP/proyecto_1/IEE2463-SEP-Proyecto-Z8/IPCORES/mon_generator</xilinx:tag>
        <xilinx:tag xilinx:name="ui.data.coregen.dd@494cb12f_ARCHIVE_LOCATION">d:/U/2025/Primer_semestre/SEP/proyecto_1/IEE2463-SEP-Proyecto-Z8/IPCORES/mon_generator</xilinx:tag>
        <xilinx:tag xilinx:name="ui.data.coregen.dd@2502e1e9_ARCHIVE_LOCATION">d:/U/2025/Primer_semestre/SEP/proyecto_1/IEE2463-SEP-Proyecto-Z8/IPCORES/mon_generator</xilinx:tag>
        <xilinx:tag xilinx:name="ui.data.coregen.dd@6529e77e_ARCHIVE_LOCATION">d:/U/2025/Primer_semestre/SEP/proyecto_1/IEE2463-SEP-Proyecto-Z8/IPCORES/mon_generator</xilinx:tag>
        <xilinx:tag xilinx:name="ui.data.coregen.dd@756ee6f3_ARCHIVE_LOCATION">d:/U/2025/Primer_semestre/SEP/proyecto_1/IEE2463-SEP-Proyecto-Z8/IPCORES/mon_generator</xilinx:tag>
        <xilinx:tag xilinx:name="ui.data.coregen.dd@196e2f43_ARCHIVE_LOCATION">d:/U/2025/Primer_semestre/SEP/proyecto_1/IEE2463-SEP-Proyecto-Z8/IPCORES/mon_generator</xilinx:tag>
        <xilinx:tag xilinx:name="ui.data.coregen.dd@48a49644_ARCHIVE_LOCATION">d:/U/2025/Primer_semestre/SEP/proyecto_1/IEE2463-SEP-Proyecto-Z8/IPCORES/mon_generator</xilinx:tag>
        <xilinx:tag xilinx:name="ui.data.coregen.dd@63f99c2d_ARCHIVE_LOCATION">d:/U/2025/Primer_semestre/SEP/proyecto_1/IEE2463-SEP-Proyecto-Z8/IPCORES/mon_generator</xilinx:tag>
        <xilinx:tag xilinx:name="ui.data.coregen.dd@2a0457ec_ARCHIVE_LOCATION">d:/U/2025/Primer_semestre/SEP/proyecto_1/IEE2463-SEP-Proyecto-Z8/IPCORES/mon_generator</xilinx:tag>
        <xilinx:tag xilinx:name="ui.data.coregen.dd@3586655b_ARCHIVE_LOCATION">d:/U/2025/Primer_semestre/SEP/proyecto_1/IEE2463-SEP-Proyecto-Z8/IPCORES/mon_generator</xilinx:tag>
        <xilinx:tag xilinx:name="ui.data.coregen.dd@620171d2_ARCHIVE_LOCATION">d:/U/2025/Primer_semestre/SEP/proyecto_1/IEE2463-SEP-Proyecto-Z8/IPCORES/mon_generator</xilinx:tag>
        <xilinx:tag xilinx:name="ui.data.coregen.dd@77e7e77a_ARCHIVE_LOCATION">d:/U/2025/Primer_semestre/SEP/proyecto_1/IEE2463-SEP-Proyecto-Z8/IPCORES/mon_generator</xilinx:tag>
        <xilinx:tag xilinx:name="ui.data.coregen.dd@6b483e76_ARCHIVE_LOCATION">d:/U/2025/Primer_semestre/SEP/proyecto_1/IEE2463-SEP-Proyecto-Z8/IPCORES/mon_generator</xilinx:tag>
        <xilinx:tag xilinx:name="ui.data.coregen.dd@4cdaf305_ARCHIVE_LOCATION">d:/U/2025/Primer_semestre/SEP/proyecto_1/IEE2463-SEP-Proyecto-Z8/IPCORES/mon_generator</xilinx:tag>
        <xilinx:tag xilinx:name="ui.data.coregen.dd@66ca02d7_ARCHIVE_LOCATION">d:/U/2025/Primer_semestre/SEP/proyecto_1/IEE2463-SEP-Proyecto-Z8/IPCORES/mon_generator</xilinx:tag>
        <xilinx:tag xilinx:name="ui.data.coregen.dd@2ca679f6_ARCHIVE_LOCATION">d:/U/2025/Primer_semestre/SEP/proyecto_1/IEE2463-SEP-Proyecto-Z8/IPCORES/mon_generator</xilinx:tag>
        <xilinx:tag xilinx:name="ui.data.coregen.dd@61c7f4bb_ARCHIVE_LOCATION">d:/U/2025/Primer_semestre/SEP/proyecto_1/IEE2463-SEP-Proyecto-Z8/IPCORES/mon_generator</xilinx:tag>
        <xilinx:tag xilinx:name="ui.data.coregen.dd@7373468b_ARCHIVE_LOCATION">d:/U/2025/Primer_semestre/SEP/proyecto_1/IEE2463-SEP-Proyecto-Z8/IPCORES/mon_generator</xilinx:tag>
        <xilinx:tag xilinx:name="ui.data.coregen.dd@4a9130a9_ARCHIVE_LOCATION">d:/U/2025/Primer_semestre/SEP/proyecto_1/IEE2463-SEP-Proyecto-Z8/IPCORES/mon_generator</xilinx:tag>
        <xilinx:tag xilinx:name="ui.data.coregen.dd@408cfb43_ARCHIVE_LOCATION">d:/U/2025/Primer_semestre/SEP/proyecto_1/IEE2463-SEP-Proyecto-Z8/IPCORES/mon_generator</xilinx:tag>
        <xilinx:tag xilinx:name="ui.data.coregen.dd@7c495496_ARCHIVE_LOCATION">d:/U/2025/Primer_semestre/SEP/proyecto_1/IEE2463-SEP-Proyecto-Z8/IPCORES/mon_generator</xilinx:tag>
        <xilinx:tag xilinx:name="ui.data.coregen.dd@30f2fb87_ARCHIVE_LOCATION">d:/U/2025/Primer_semestre/SEP/proyecto_1/IEE2463-SEP-Proyecto-Z8/IPCORES/mon_generator</xilinx:tag>
        <xilinx:tag xilinx:name="ui.data.coregen.dd@43126eb0_ARCHIVE_LOCATION">d:/U/2025/Primer_semestre/SEP/proyecto_1/IEE2463-SEP-Proyecto-Z8/IPCORES/mon_generator</xilinx:tag>
        <xilinx:tag xilinx:name="ui.data.coregen.dd@34ba892_ARCHIVE_LOCATION">d:/U/2025/Primer_semestre/SEP/proyecto_1/IEE2463-SEP-Proyecto-Z8/IPCORES/mon_generator</xilinx:tag>
        <xilinx:tag xilinx:name="ui.data.coregen.dd@26a4bcd9_ARCHIVE_LOCATION">d:/U/2025/Primer_semestre/SEP/proyecto_1/IEE2463-SEP-Proyecto-Z8/IPCORES/mon_generator</xilinx:tag>
        <xilinx:tag xilinx:name="ui.data.coregen.dd@46286d9f_ARCHIVE_LOCATION">d:/U/2025/Primer_semestre/SEP/proyecto_1/IEE2463-SEP-Proyecto-Z8/IPCORES/mon_generator</xilinx:tag>
        <xilinx:tag xilinx:name="ui.data.coregen.dd@58085e34_ARCHIVE_LOCATION">d:/U/2025/Primer_semestre/SEP/proyecto_1/IEE2463-SEP-Proyecto-Z8/IPCORES/mon_generator</xilinx:tag>
        <xilinx:tag xilinx:name="ui.data.coregen.dd@b31158d_ARCHIVE_LOCATION">d:/U/2025/Primer_semestre/SEP/proyecto_1/IEE2463-SEP-Proyecto-Z8/IPCORES/mon_generator</xilinx:tag>
        <xilinx:tag xilinx:name="ui.data.coregen.dd@5db993af_ARCHIVE_LOCATION">d:/U/2025/Primer_semestre/SEP/proyecto_1/IEE2463-SEP-Proyecto-Z8/IPCORES/mon_generator</xilinx:tag>
        <xilinx:tag xilinx:name="ui.data.coregen.dd@5ea64c1c_ARCHIVE_LOCATION">d:/U/2025/Primer_semestre/SEP/proyecto_1/IEE2463-SEP-Proyecto-Z8/IPCORES/mon_generator</xilinx:tag>
        <xilinx:tag xilinx:name="ui.data.coregen.dd@39a59821_ARCHIVE_LOCATION">d:/U/2025/Primer_semestre/SEP/proyecto_1/IEE2463-SEP-Proyecto-Z8/IPCORES/mon_generator</xilinx:tag>
        <xilinx:tag xilinx:name="ui.data.coregen.dd@d5ee4a9_ARCHIVE_LOCATION">d:/U/2025/Primer_semestre/SEP/proyecto_1/IEE2463-SEP-Proyecto-Z8/IPCORES/mon_generator</xilinx:tag>
        <xilinx:tag xilinx:name="ui.data.coregen.dd@1410e06_ARCHIVE_LOCATION">d:/U/2025/Primer_semestre/SEP/proyecto_1/IEE2463-SEP-Proyecto-Z8/IPCORES/mon_generator</xilinx:tag>
        <xilinx:tag xilinx:name="ui.data.coregen.dd@42cf0ff3_ARCHIVE_LOCATION">d:/U/2025/Primer_semestre/SEP/proyecto_1/IEE2463-SEP-Proyecto-Z8/IPCORES/mon_generator</xilinx:tag>
        <xilinx:tag xilinx:name="ui.data.coregen.dd@d976495_ARCHIVE_LOCATION">d:/U/2025/Primer_semestre/SEP/proyecto_1/IEE2463-SEP-Proyecto-Z8/IPCORES/mon_generator</xilinx:tag>
        <xilinx:tag xilinx:name="ui.data.coregen.dd@35373acb_ARCHIVE_LOCATION">d:/U/2025/Primer_semestre/SEP/proyecto_1/IEE2463-SEP-Proyecto-Z8/IPCORES/mon_generator</xilinx:tag>
        <xilinx:tag xilinx:name="ui.data.coregen.dd@3993295e_ARCHIVE_LOCATION">d:/U/2025/Primer_semestre/SEP/proyecto_1/IEE2463-SEP-Proyecto-Z8/IPCORES/mon_generator</xilinx:tag>
        <xilinx:tag xilinx:name="ui.data.coregen.dd@546ad239_ARCHIVE_LOCATION">d:/U/2025/Primer_semestre/SEP/proyecto_1/IEE2463-SEP-Proyecto-Z8/IPCORES/mon_generator</xilinx:tag>
        <xilinx:tag xilinx:name="ui.data.coregen.dd@72a832d3_ARCHIVE_LOCATION">d:/U/2025/Primer_semestre/SEP/proyecto_1/IEE2463-SEP-Proyecto-Z8/IPCORES/mon_generator</xilinx:tag>
        <xilinx:tag xilinx:name="ui.data.coregen.dd@d787eee_ARCHIVE_LOCATION">d:/U/2025/Primer_semestre/SEP/proyecto_1/IEE2463-SEP-Proyecto-Z8/IPCORES/mon_generator</xilinx:tag>
      </xilinx:tags>
      <xilinx:configElementInfos>
        <xilinx:configElementInfo xilinx:referenceId="BUSIFPARAM_VALUE.CLK.ASSOCIATED_BUSIF" xilinx:valueSource="constant" xilinx:valuePermission="bd_and_user"/>
        <xilinx:configElementInfo xilinx:referenceId="BUSIFPARAM_VALUE.CLK.ASSOCIATED_RESET" xilinx:valuePermission="bd_and_user"/>
        <xilinx:configElementInfo xilinx:referenceId="BUSIFPARAM_VALUE.CLK.CLK_DOMAIN" xilinx:valueSource="constant" xilinx:valuePermission="bd_and_user"/>
        <xilinx:configElementInfo xilinx:referenceId="BUSIFPARAM_VALUE.CLK.FREQ_HZ" xilinx:valueSource="constant" xilinx:valuePermission="bd_and_user"/>
        <xilinx:configElementInfo xilinx:referenceId="BUSIFPARAM_VALUE.CLK.FREQ_TOLERANCE_HZ" xilinx:valueSource="constant" xilinx:valuePermission="bd_and_user"/>
        <xilinx:configElementInfo xilinx:referenceId="BUSIFPARAM_VALUE.CLK.INSERT_VIP" xilinx:valueSource="constant"/>
        <xilinx:configElementInfo xilinx:referenceId="BUSIFPARAM_VALUE.CLK.PHASE" xilinx:valueSource="constant" xilinx:valuePermission="bd_and_user"/>
        <xilinx:configElementInfo xilinx:referenceId="BUSIFPARAM_VALUE.RESET.INSERT_VIP" xilinx:valueSource="constant"/>
        <xilinx:configElementInfo xilinx:referenceId="BUSIFPARAM_VALUE.RESET.POLARITY" xilinx:valueSource="constant" xilinx:valuePermission="bd_and_user"/>
      </xilinx:configElementInfos>
    </xilinx:coreExtensions>
    <xilinx:packagingInfo>
      <xilinx:xilinxVersion>2020.1</xilinx:xilinxVersion>
      <xilinx:checksum xilinx:scope="busInterfaces" xilinx:value="50102c5c"/>
      <xilinx:checksum xilinx:scope="fileGroups" xilinx:value="e62d91ee"/>
      <xilinx:checksum xilinx:scope="ports" xilinx:value="771f641a"/>
      <xilinx:checksum xilinx:scope="parameters" xilinx:value="75a7265b"/>
    </xilinx:packagingInfo>
  </spirit:vendorExtensions>
</spirit:component>
