<?xml version="1.0" encoding="UTF-8"?>
<spirit:component xmlns:xilinx="http://www.xilinx.com" xmlns:spirit="http://www.spiritconsortium.org/XMLSchema/SPIRIT/1685-2009" xmlns:xsi="http://www.w3.org/2001/XMLSchema-instance">
  <spirit:vendor>xilinx.com</spirit:vendor>
  <spirit:library>user</spirit:library>
  <spirit:name>LFSR</spirit:name>
  <spirit:version>1.0</spirit:version>
  <spirit:busInterfaces>
    <spirit:busInterface>
      <spirit:name>clk</spirit:name>
      <spirit:busType spirit:vendor="xilinx.com" spirit:library="signal" spirit:name="clock" spirit:version="1.0"/>
      <spirit:abstractionType spirit:vendor="xilinx.com" spirit:library="signal" spirit:name="clock_rtl" spirit:version="1.0"/>
      <spirit:slave/>
      <spirit:portMaps>
        <spirit:portMap>
          <spirit:logicalPort>
            <spirit:name>CLK</spirit:name>
          </spirit:logicalPort>
          <spirit:physicalPort>
            <spirit:name>clk</spirit:name>
          </spirit:physicalPort>
        </spirit:portMap>
      </spirit:portMaps>
    </spirit:busInterface>
  </spirit:busInterfaces>
  <spirit:model>
    <spirit:views>
      <spirit:view>
        <spirit:name>xilinx_anylanguagesynthesis</spirit:name>
        <spirit:displayName>Synthesis</spirit:displayName>
        <spirit:envIdentifier>:vivado.xilinx.com:synthesis</spirit:envIdentifier>
        <spirit:language>VHDL</spirit:language>
        <spirit:modelName>LFSR</spirit:modelName>
        <spirit:fileSetRef>
          <spirit:localName>xilinx_anylanguagesynthesis_view_fileset</spirit:localName>
        </spirit:fileSetRef>
        <spirit:parameters>
          <spirit:parameter>
            <spirit:name>viewChecksum</spirit:name>
            <spirit:value>04ca698f</spirit:value>
          </spirit:parameter>
        </spirit:parameters>
      </spirit:view>
      <spirit:view>
        <spirit:name>xilinx_anylanguagebehavioralsimulation</spirit:name>
        <spirit:displayName>Simulation</spirit:displayName>
        <spirit:envIdentifier>:vivado.xilinx.com:simulation</spirit:envIdentifier>
        <spirit:language>VHDL</spirit:language>
        <spirit:modelName>LFSR</spirit:modelName>
        <spirit:fileSetRef>
          <spirit:localName>xilinx_anylanguagebehavioralsimulation_view_fileset</spirit:localName>
        </spirit:fileSetRef>
        <spirit:parameters>
          <spirit:parameter>
            <spirit:name>viewChecksum</spirit:name>
            <spirit:value>04ca698f</spirit:value>
          </spirit:parameter>
        </spirit:parameters>
      </spirit:view>
      <spirit:view>
        <spirit:name>xilinx_xpgui</spirit:name>
        <spirit:displayName>UI Layout</spirit:displayName>
        <spirit:envIdentifier>:vivado.xilinx.com:xgui.ui</spirit:envIdentifier>
        <spirit:fileSetRef>
          <spirit:localName>xilinx_xpgui_view_fileset</spirit:localName>
        </spirit:fileSetRef>
        <spirit:parameters>
          <spirit:parameter>
            <spirit:name>viewChecksum</spirit:name>
            <spirit:value>00776ae6</spirit:value>
          </spirit:parameter>
        </spirit:parameters>
      </spirit:view>
    </spirit:views>
    <spirit:ports>
      <spirit:port>
        <spirit:name>clk</spirit:name>
        <spirit:wire>
          <spirit:direction>in</spirit:direction>
          <spirit:wireTypeDefs>
            <spirit:wireTypeDef>
              <spirit:typeName>std_logic</spirit:typeName>
              <spirit:viewNameRef>xilinx_anylanguagesynthesis</spirit:viewNameRef>
              <spirit:viewNameRef>xilinx_anylanguagebehavioralsimulation</spirit:viewNameRef>
            </spirit:wireTypeDef>
          </spirit:wireTypeDefs>
        </spirit:wire>
      </spirit:port>
      <spirit:port>
        <spirit:name>sec</spirit:name>
        <spirit:wire>
          <spirit:direction>out</spirit:direction>
          <spirit:vector>
            <spirit:left spirit:format="long">9</spirit:left>
            <spirit:right spirit:format="long">0</spirit:right>
          </spirit:vector>
          <spirit:wireTypeDefs>
            <spirit:wireTypeDef>
              <spirit:typeName>std_logic_vector</spirit:typeName>
              <spirit:viewNameRef>xilinx_anylanguagesynthesis</spirit:viewNameRef>
              <spirit:viewNameRef>xilinx_anylanguagebehavioralsimulation</spirit:viewNameRef>
            </spirit:wireTypeDef>
          </spirit:wireTypeDefs>
        </spirit:wire>
      </spirit:port>
    </spirit:ports>
    <spirit:modelParameters>
      <spirit:modelParameter xsi:type="spirit:nameValueTypeType" spirit:dataType="integer">
        <spirit:name>reg_length</spirit:name>
        <spirit:displayName>Reg Length</spirit:displayName>
        <spirit:value spirit:format="long" spirit:resolve="generated" spirit:id="MODELPARAM_VALUE.reg_length">16</spirit:value>
      </spirit:modelParameter>
      <spirit:modelParameter spirit:dataType="std_logic_vector">
        <spirit:name>seed</spirit:name>
        <spirit:displayName>Seed</spirit:displayName>
        <spirit:value spirit:format="bitString" spirit:resolve="generated" spirit:id="MODELPARAM_VALUE.seed" spirit:bitStringLength="16">0x14D2</spirit:value>
      </spirit:modelParameter>
    </spirit:modelParameters>
  </spirit:model>
  <spirit:fileSets>
    <spirit:fileSet>
      <spirit:name>xilinx_anylanguagesynthesis_view_fileset</spirit:name>
      <spirit:file>
        <spirit:name>src/LSFR.vhd</spirit:name>
        <spirit:fileType>vhdlSource</spirit:fileType>
        <spirit:userFileType>CHECKSUM_04ca698f</spirit:userFileType>
        <spirit:userFileType>IMPORTED_FILE</spirit:userFileType>
      </spirit:file>
    </spirit:fileSet>
    <spirit:fileSet>
      <spirit:name>xilinx_anylanguagebehavioralsimulation_view_fileset</spirit:name>
      <spirit:file>
        <spirit:name>src/LSFR.vhd</spirit:name>
        <spirit:fileType>vhdlSource</spirit:fileType>
        <spirit:userFileType>IMPORTED_FILE</spirit:userFileType>
      </spirit:file>
    </spirit:fileSet>
    <spirit:fileSet>
      <spirit:name>xilinx_xpgui_view_fileset</spirit:name>
      <spirit:file>
        <spirit:name>xgui/LFSR_v1_0.tcl</spirit:name>
        <spirit:fileType>tclSource</spirit:fileType>
        <spirit:userFileType>CHECKSUM_00776ae6</spirit:userFileType>
        <spirit:userFileType>XGUI_VERSION_2</spirit:userFileType>
      </spirit:file>
    </spirit:fileSet>
  </spirit:fileSets>
  <spirit:description>LFSR_v1_0</spirit:description>
  <spirit:parameters>
    <spirit:parameter>
      <spirit:name>reg_length</spirit:name>
      <spirit:displayName>Register Length</spirit:displayName>
      <spirit:value spirit:format="long" spirit:resolve="user" spirit:id="PARAM_VALUE.reg_length" spirit:minimum="16" spirit:maximum="32" spirit:rangeType="long">16</spirit:value>
    </spirit:parameter>
    <spirit:parameter>
      <spirit:name>seed</spirit:name>
      <spirit:displayName>Seed</spirit:displayName>
      <spirit:value spirit:format="bitString" spirit:resolve="user" spirit:id="PARAM_VALUE.seed" spirit:bitStringLength="16">0x14D2</spirit:value>
    </spirit:parameter>
    <spirit:parameter>
      <spirit:name>Component_Name</spirit:name>
      <spirit:value spirit:resolve="user" spirit:id="PARAM_VALUE.Component_Name" spirit:order="1">LSFR_v1_0</spirit:value>
    </spirit:parameter>
  </spirit:parameters>
  <spirit:vendorExtensions>
    <xilinx:coreExtensions>
      <xilinx:supportedFamilies>
        <xilinx:family xilinx:lifeCycle="Production">zynq</xilinx:family>
      </xilinx:supportedFamilies>
      <xilinx:taxonomies>
        <xilinx:taxonomy>/UserIP</xilinx:taxonomy>
      </xilinx:taxonomies>
      <xilinx:displayName>LFSR_v1_0</xilinx:displayName>
      <xilinx:definitionSource>package_project</xilinx:definitionSource>
      <xilinx:coreRevision>4</xilinx:coreRevision>
      <xilinx:upgrades>
        <xilinx:canUpgradeFrom>xilinx.com:user:LSFR:1.0</xilinx:canUpgradeFrom>
      </xilinx:upgrades>
      <xilinx:coreCreationDateTime>2025-04-30T14:44:06Z</xilinx:coreCreationDateTime>
      <xilinx:tags>
        <xilinx:tag xilinx:name="ui.data.coregen.dd@4eaba21e_ARCHIVE_LOCATION">d:/U/2025/Primer semestre/SEP/proyecto 1/IEE2463-SEP-Proyecto-Z8/Random_number/LFSR</xilinx:tag>
        <xilinx:tag xilinx:name="ui.data.coregen.dd@3e73081c_ARCHIVE_LOCATION">d:/U/2025/Primer semestre/SEP/proyecto 1/IEE2463-SEP-Proyecto-Z8/Random_number/LFSR</xilinx:tag>
        <xilinx:tag xilinx:name="ui.data.coregen.dd@64a0eb1d_ARCHIVE_LOCATION">d:/U/2025/Primer semestre/SEP/proyecto 1/IEE2463-SEP-Proyecto-Z8/Random_number/LFSR</xilinx:tag>
        <xilinx:tag xilinx:name="ui.data.coregen.dd@1d85a05_ARCHIVE_LOCATION">d:/U/2025/Primer semestre/SEP/proyecto 1/IEE2463-SEP-Proyecto-Z8/Random_number/LFSR</xilinx:tag>
        <xilinx:tag xilinx:name="ui.data.coregen.dd@2876ec57_ARCHIVE_LOCATION">d:/U/2025/Primer semestre/SEP/proyecto 1/IEE2463-SEP-Proyecto-Z8/Random_number/LFSR</xilinx:tag>
        <xilinx:tag xilinx:name="ui.data.coregen.dd@63ed68e1_ARCHIVE_LOCATION">d:/U/2025/Primer semestre/SEP/proyecto 1/IEE2463-SEP-Proyecto-Z8/Random_number/LFSR</xilinx:tag>
        <xilinx:tag xilinx:name="ui.data.coregen.dd@83444a4_ARCHIVE_LOCATION">d:/U/2025/Primer semestre/SEP/proyecto 1/IEE2463-SEP-Proyecto-Z8/Random_number/LFSR</xilinx:tag>
        <xilinx:tag xilinx:name="ui.data.coregen.dd@70bbb108_ARCHIVE_LOCATION">d:/U/2025/Primer semestre/SEP/proyecto 1/IEE2463-SEP-Proyecto-Z8/Random_number/LFSR</xilinx:tag>
        <xilinx:tag xilinx:name="ui.data.coregen.dd@633573bf_ARCHIVE_LOCATION">d:/U/2025/Primer semestre/SEP/proyecto 1/IEE2463-SEP-Proyecto-Z8/Random_number/LFSR</xilinx:tag>
        <xilinx:tag xilinx:name="ui.data.coregen.dd@704bdfd6_ARCHIVE_LOCATION">d:/U/2025/Primer semestre/SEP/proyecto 1/IEE2463-SEP-Proyecto-Z8/Random_number/LFSR</xilinx:tag>
        <xilinx:tag xilinx:name="ui.data.coregen.dd@406a4470_ARCHIVE_LOCATION">d:/U/2025/Primer semestre/SEP/proyecto 1/IEE2463-SEP-Proyecto-Z8/Random_number/LFSR</xilinx:tag>
        <xilinx:tag xilinx:name="ui.data.coregen.dd@676f5476_ARCHIVE_LOCATION">d:/U/2025/Primer semestre/SEP/proyecto 1/IEE2463-SEP-Proyecto-Z8/Random_number/LFSR</xilinx:tag>
        <xilinx:tag xilinx:name="ui.data.coregen.dd@39a6c89b_ARCHIVE_LOCATION">d:/U/2025/Primer semestre/SEP/proyecto 1/IEE2463-SEP-Proyecto-Z8/Random_number/LFSR</xilinx:tag>
        <xilinx:tag xilinx:name="ui.data.coregen.dd@238ed0e8_ARCHIVE_LOCATION">d:/U/2025/Primer semestre/SEP/proyecto 1/IEE2463-SEP-Proyecto-Z8/Random_number/LFSR</xilinx:tag>
        <xilinx:tag xilinx:name="ui.data.coregen.dd@775d4040_ARCHIVE_LOCATION">d:/U/2025/Primer semestre/SEP/proyecto 1/IEE2463-SEP-Proyecto-Z8/Random_number/LFSR</xilinx:tag>
        <xilinx:tag xilinx:name="ui.data.coregen.dd@4191c8a6_ARCHIVE_LOCATION">d:/U/2025/Primer semestre/SEP/proyecto 1/IEE2463-SEP-Proyecto-Z8/Random_number/LFSR</xilinx:tag>
        <xilinx:tag xilinx:name="ui.data.coregen.dd@26050a03_ARCHIVE_LOCATION">d:/U/2025/Primer semestre/SEP/proyecto 1/IEE2463-SEP-Proyecto-Z8/Random_number/LFSR</xilinx:tag>
        <xilinx:tag xilinx:name="ui.data.coregen.dd@4ebe990c_ARCHIVE_LOCATION">d:/U/2025/Primer semestre/SEP/proyecto 1/IEE2463-SEP-Proyecto-Z8/Random_number/LFSR</xilinx:tag>
        <xilinx:tag xilinx:name="ui.data.coregen.dd@78c42320_ARCHIVE_LOCATION">d:/U/2025/Primer semestre/SEP/proyecto 1/IEE2463-SEP-Proyecto-Z8/Random_number/LFSR</xilinx:tag>
        <xilinx:tag xilinx:name="ui.data.coregen.dd@68c79010_ARCHIVE_LOCATION">d:/U/2025/Primer semestre/SEP/proyecto 1/IEE2463-SEP-Proyecto-Z8/Random_number/LFSR</xilinx:tag>
        <xilinx:tag xilinx:name="ui.data.coregen.dd@1d41bb2_ARCHIVE_LOCATION">d:/U/2025/Primer semestre/SEP/proyecto 1/IEE2463-SEP-Proyecto-Z8/Random_number/LFSR</xilinx:tag>
        <xilinx:tag xilinx:name="ui.data.coregen.dd@d4e4e93_ARCHIVE_LOCATION">d:/U/2025/Primer semestre/SEP/proyecto 1/IEE2463-SEP-Proyecto-Z8/Random_number/LFSR</xilinx:tag>
        <xilinx:tag xilinx:name="ui.data.coregen.dd@4f785885_ARCHIVE_LOCATION">d:/U/2025/Primer semestre/SEP/proyecto 1/IEE2463-SEP-Proyecto-Z8/Random_number/LFSR</xilinx:tag>
        <xilinx:tag xilinx:name="ui.data.coregen.dd@327a8f15_ARCHIVE_LOCATION">d:/U/2025/Primer semestre/SEP/proyecto 1/IEE2463-SEP-Proyecto-Z8/Random_number/LFSR</xilinx:tag>
        <xilinx:tag xilinx:name="ui.data.coregen.dd@61400a03_ARCHIVE_LOCATION">d:/U/2025/Primer semestre/SEP/proyecto 1/IEE2463-SEP-Proyecto-Z8/Random_number/LFSR</xilinx:tag>
        <xilinx:tag xilinx:name="ui.data.coregen.dd@4d62273e_ARCHIVE_LOCATION">d:/U/2025/Primer semestre/SEP/proyecto 1/IEE2463-SEP-Proyecto-Z8/Random_number/LFSR</xilinx:tag>
        <xilinx:tag xilinx:name="ui.data.coregen.dd@68d52f78_ARCHIVE_LOCATION">d:/U/2025/Primer semestre/SEP/proyecto 1/IEE2463-SEP-Proyecto-Z8/Random_number/LFSR</xilinx:tag>
        <xilinx:tag xilinx:name="ui.data.coregen.dd@716c49c8_ARCHIVE_LOCATION">d:/U/2025/Primer semestre/SEP/proyecto 1/IEE2463-SEP-Proyecto-Z8/Random_number/LFSR</xilinx:tag>
        <xilinx:tag xilinx:name="ui.data.coregen.dd@39052150_ARCHIVE_LOCATION">d:/U/2025/Primer semestre/SEP/proyecto 1/IEE2463-SEP-Proyecto-Z8/Random_number/LFSR</xilinx:tag>
        <xilinx:tag xilinx:name="ui.data.coregen.dd@3c4b8dec_ARCHIVE_LOCATION">d:/U/2025/Primer semestre/SEP/proyecto 1/IEE2463-SEP-Proyecto-Z8/Random_number/LFSR</xilinx:tag>
        <xilinx:tag xilinx:name="ui.data.coregen.dd@2c00ac8_ARCHIVE_LOCATION">d:/U/2025/Primer semestre/SEP/proyecto 1/IEE2463-SEP-Proyecto-Z8/Random_number/LFSR</xilinx:tag>
        <xilinx:tag xilinx:name="ui.data.coregen.dd@30079d59_ARCHIVE_LOCATION">d:/U/2025/Primer semestre/SEP/proyecto 1/IEE2463-SEP-Proyecto-Z8/Random_number/LFSR</xilinx:tag>
        <xilinx:tag xilinx:name="ui.data.coregen.dd@2f2696d1_ARCHIVE_LOCATION">d:/U/2025/Primer semestre/SEP/proyecto 1/IEE2463-SEP-Proyecto-Z8/Random_number/LFSR</xilinx:tag>
        <xilinx:tag xilinx:name="ui.data.coregen.dd@5dec7131_ARCHIVE_LOCATION">d:/U/2025/Primer semestre/SEP/proyecto 1/IEE2463-SEP-Proyecto-Z8/Random_number/LFSR</xilinx:tag>
        <xilinx:tag xilinx:name="ui.data.coregen.dd@4217a8e7_ARCHIVE_LOCATION">d:/U/2025/Primer semestre/SEP/proyecto 1/IEE2463-SEP-Proyecto-Z8/Random_number/LFSR</xilinx:tag>
        <xilinx:tag xilinx:name="ui.data.coregen.dd@47835661_ARCHIVE_LOCATION">d:/U/2025/Primer semestre/SEP/proyecto 1/IEE2463-SEP-Proyecto-Z8/Random_number/LFSR</xilinx:tag>
        <xilinx:tag xilinx:name="ui.data.coregen.dd@2ff949e4_ARCHIVE_LOCATION">d:/U/2025/Primer semestre/SEP/proyecto 1/IEE2463-SEP-Proyecto-Z8/Random_number/LFSR</xilinx:tag>
        <xilinx:tag xilinx:name="ui.data.coregen.dd@56833ff4_ARCHIVE_LOCATION">d:/U/2025/Primer_semestre/SEP/proyecto_1/IEE2463-SEP-Proyecto-Z8/IPCORES/LFSR</xilinx:tag>
        <xilinx:tag xilinx:name="ui.data.coregen.dd@23f757bd_ARCHIVE_LOCATION">d:/U/2025/Primer_semestre/SEP/proyecto_1/IEE2463-SEP-Proyecto-Z8/IPCORES/LFSR</xilinx:tag>
        <xilinx:tag xilinx:name="ui.data.coregen.dd@310d2196_ARCHIVE_LOCATION">d:/U/2025/Primer_semestre/SEP/proyecto_1/IEE2463-SEP-Proyecto-Z8/IPCORES/LFSR</xilinx:tag>
        <xilinx:tag xilinx:name="ui.data.coregen.dd@78177eab_ARCHIVE_LOCATION">d:/U/2025/Primer_semestre/SEP/proyecto_1/IEE2463-SEP-Proyecto-Z8/IPCORES/LFSR</xilinx:tag>
        <xilinx:tag xilinx:name="ui.data.coregen.dd@7404b159_ARCHIVE_LOCATION">d:/U/2025/Primer_semestre/SEP/proyecto_1/IEE2463-SEP-Proyecto-Z8/IPCORES/LFSR</xilinx:tag>
        <xilinx:tag xilinx:name="ui.data.coregen.dd@560a7267_ARCHIVE_LOCATION">d:/U/2025/Primer_semestre/SEP/proyecto_1/IEE2463-SEP-Proyecto-Z8/IPCORES/LFSR</xilinx:tag>
        <xilinx:tag xilinx:name="ui.data.coregen.dd@7924fef_ARCHIVE_LOCATION">d:/U/2025/Primer_semestre/SEP/proyecto_1/IEE2463-SEP-Proyecto-Z8/IPCORES/LFSR</xilinx:tag>
        <xilinx:tag xilinx:name="ui.data.coregen.dd@6e1f767b_ARCHIVE_LOCATION">d:/U/2025/Primer_semestre/SEP/proyecto_1/IEE2463-SEP-Proyecto-Z8/IPCORES/LFSR</xilinx:tag>
        <xilinx:tag xilinx:name="ui.data.coregen.dd@45ff20e2_ARCHIVE_LOCATION">d:/U/2025/Primer_semestre/SEP/proyecto_1/IEE2463-SEP-Proyecto-Z8/IPCORES/LFSR</xilinx:tag>
        <xilinx:tag xilinx:name="ui.data.coregen.dd@224cb7fb_ARCHIVE_LOCATION">d:/U/2025/Primer_semestre/SEP/proyecto_1/IEE2463-SEP-Proyecto-Z8/IPCORES/LFSR</xilinx:tag>
        <xilinx:tag xilinx:name="ui.data.coregen.dd@542e6a1c_ARCHIVE_LOCATION">d:/U/2025/Primer_semestre/SEP/proyecto_1/IEE2463-SEP-Proyecto-Z8/IPCORES/LFSR</xilinx:tag>
        <xilinx:tag xilinx:name="ui.data.coregen.dd@52bc531_ARCHIVE_LOCATION">d:/U/2025/Primer_semestre/SEP/proyecto_1/IEE2463-SEP-Proyecto-Z8/IPCORES/LFSR</xilinx:tag>
        <xilinx:tag xilinx:name="ui.data.coregen.dd@43b84d23_ARCHIVE_LOCATION">d:/U/2025/Primer_semestre/SEP/proyecto_1/IEE2463-SEP-Proyecto-Z8/IPCORES/LFSR</xilinx:tag>
        <xilinx:tag xilinx:name="ui.data.coregen.dd@10acd5c9_ARCHIVE_LOCATION">d:/U/2025/Primer_semestre/SEP/proyecto_1/IEE2463-SEP-Proyecto-Z8/IPCORES/LFSR</xilinx:tag>
        <xilinx:tag xilinx:name="ui.data.coregen.dd@48cfa5b4_ARCHIVE_LOCATION">d:/U/2025/Primer_semestre/SEP/proyecto_1/IEE2463-SEP-Proyecto-Z8/IPCORES/LFSR</xilinx:tag>
        <xilinx:tag xilinx:name="ui.data.coregen.dd@70394ecc_ARCHIVE_LOCATION">d:/U/2025/Primer_semestre/SEP/proyecto_1/IEE2463-SEP-Proyecto-Z8/IPCORES/LFSR</xilinx:tag>
        <xilinx:tag xilinx:name="ui.data.coregen.dd@ef78e12_ARCHIVE_LOCATION">d:/U/2025/Primer_semestre/SEP/proyecto_1/IEE2463-SEP-Proyecto-Z8/IPCORES/LFSR</xilinx:tag>
        <xilinx:tag xilinx:name="ui.data.coregen.dd@84e7485_ARCHIVE_LOCATION">d:/U/2025/Primer_semestre/SEP/proyecto_1/IEE2463-SEP-Proyecto-Z8/IPCORES/LFSR</xilinx:tag>
        <xilinx:tag xilinx:name="ui.data.coregen.dd@7b29ad4e_ARCHIVE_LOCATION">d:/U/2025/Primer_semestre/SEP/proyecto_1/IEE2463-SEP-Proyecto-Z8/IPCORES/LFSR</xilinx:tag>
        <xilinx:tag xilinx:name="ui.data.coregen.dd@5a59b288_ARCHIVE_LOCATION">d:/U/2025/Primer_semestre/SEP/proyecto_1/IEE2463-SEP-Proyecto-Z8/IPCORES/LFSR</xilinx:tag>
        <xilinx:tag xilinx:name="ui.data.coregen.dd@7dc59139_ARCHIVE_LOCATION">d:/U/2025/Primer_semestre/SEP/proyecto_1/IEE2463-SEP-Proyecto-Z8/IPCORES/LFSR</xilinx:tag>
        <xilinx:tag xilinx:name="ui.data.coregen.dd@416e8077_ARCHIVE_LOCATION">d:/U/2025/Primer_semestre/SEP/proyecto_1/IEE2463-SEP-Proyecto-Z8/IPCORES/LFSR</xilinx:tag>
        <xilinx:tag xilinx:name="ui.data.coregen.dd@256e558f_ARCHIVE_LOCATION">d:/U/2025/Primer_semestre/SEP/proyecto_1/IEE2463-SEP-Proyecto-Z8/IPCORES/LFSR</xilinx:tag>
      </xilinx:tags>
    </xilinx:coreExtensions>
    <xilinx:packagingInfo>
      <xilinx:xilinxVersion>2020.1</xilinx:xilinxVersion>
      <xilinx:checksum xilinx:scope="busInterfaces" xilinx:value="a88d4390"/>
      <xilinx:checksum xilinx:scope="fileGroups" xilinx:value="6fd46fb1"/>
      <xilinx:checksum xilinx:scope="ports" xilinx:value="3189ca41"/>
      <xilinx:checksum xilinx:scope="hdlParameters" xilinx:value="a31925b0"/>
      <xilinx:checksum xilinx:scope="parameters" xilinx:value="c9e1044f"/>
    </xilinx:packagingInfo>
  </spirit:vendorExtensions>
</spirit:component>
